Nombre_Archivo,Calidad_Vino,MQ3_1_w0-2_pc1,MQ3_1_w0-2_pc2,MQ3_1_w0-2_pc3,MQ3_1_w2-10_pc1,MQ3_1_w2-10_pc2,MQ3_1_w10-20_pc1,MQ3_1_w10-20_pc2,MQ4_1_w0-2_pc1,MQ4_1_w0-2_pc2,MQ4_1_w0-2_pc3,MQ4_1_w2-10_pc1,MQ4_1_w2-10_pc2,MQ4_1_w2-10_pc3,MQ4_1_w2-10_pc4,MQ4_1_w2-10_pc5,MQ4_1_w2-10_pc6,MQ4_1_w10-20_pc1,MQ4_1_w10-20_pc2,MQ6_1_w0-2_pc1,MQ6_1_w0-2_pc2,MQ6_1_w0-2_pc3,MQ6_1_w0-2_pc4,MQ6_1_w2-10_pc1,MQ6_1_w2-10_pc2,MQ6_1_w2-10_pc3,MQ6_1_w2-10_pc4,MQ6_1_w2-10_pc5,MQ6_1_w2-10_pc6,MQ6_1_w10-20_pc1,MQ6_1_w10-20_pc2,MQ3_2_w0-2_pc1,MQ3_2_w0-2_pc2,MQ3_2_w0-2_pc3,MQ3_2_w0-2_pc4,MQ3_2_w2-10_pc1,MQ3_2_w2-10_pc2,MQ3_2_w2-10_pc3,MQ3_2_w10-20_pc1,MQ3_2_w10-20_pc2,MQ4_2_w0-2_pc1,MQ4_2_w0-2_pc2,MQ4_2_w0-2_pc3,MQ4_2_w2-10_pc1,MQ4_2_w2-10_pc2,MQ4_2_w2-10_pc3,MQ4_2_w2-10_pc4,MQ4_2_w2-10_pc5,MQ4_2_w10-20_pc1,MQ4_2_w10-20_pc2,MQ6_2_w0-2_pc1,MQ6_2_w0-2_pc2,MQ6_2_w0-2_pc3,MQ6_2_w0-2_pc4,MQ6_2_w2-10_pc1,MQ6_2_w2-10_pc2,MQ6_2_w2-10_pc3,MQ6_2_w2-10_pc4,MQ6_2_w2-10_pc5,MQ6_2_w10-20_pc1
AQ_Wine01-B01_R01.txt,AQ,-0.0002137680164060289,0.005503319633121919,0.002066874417357926,-0.4323172147627274,0.051399218320971204,-1.7835854464960077,-0.26713485285787275,0.002938754316548473,-0.000943534474854864,0.001375924639005727,0.020233192270624013,0.008815926781839506,0.012848077489255209,-0.0054505309635269165,-0.0017282693450400592,-0.006952797307160603,-1.01445371402919,-0.11222424948189869,0.006643492025299276,0.0010255303152999463,-0.001297381823596183,-0.0010001528475156564,0.06447439825311199,-0.004070600069275969,0.0037143877045207573,-0.0010263972179846712,0.0010497610634527031,-0.007032467654243281,0.030092567276279958,0.028438916109149392,0.003160406526983373,-0.008248492154931623,-0.0009894598738669816,0.00926168959325004,-0.05293426958312791,0.104660997160818,-0.028839946626777403,-3.208241260083021,0.4581370013162225,-0.0016638209606809392,0.0030680347839070104,-0.0005189187209304755,0.007564016272548664,0.025582740291842338,-0.002656286188972785,-0.0084914443010666,0.013866725239665235,-2.1184422723955167,-0.2824911679852453,0.011266944935538155,0.00020588988208435798,0.0004364285603413842,0.0007513096044060698,0.006404088328905761,0.03178804893063719,-0.007433005272510346,-0.0015460187957161147,-0.0044256475576691925,-0.3595738336070826
AQ_Wine01-B01_R02.txt,AQ,-0.0028818390160022193,0.002415577320720854,-0.0047035963852683615,-0.42291651663247254,-0.048534775412497635,-1.230031013113206,-0.19242924614616275,-0.0035077001503272106,0.00455228526262034,-0.00011653373568465614,-0.013793646037996453,-0.017499622484813057,0.015411708359810013,-0.00047245080891455786,-0.005714327314247188,-0.0026122885342347102,-1.0380365900268984,-0.3272964493457695,-0.003281046773754527,0.00033989093385798945,-0.0021501681670362247,0.004561122061206138,0.0006284187009075702,-0.0036465856753710914,-0.004649797046353684,-0.012439719566327376,0.006397395473927197,0.008065485592314361,0.11243277118810546,0.20234840037778734,0.036962999553366065,-0.003152622995108993,0.0039996964465813635,-0.006870619153485803,-0.12665009731476004,-0.044900614648418255,0.03794886102875515,-1.2897128823320783,-0.028003716998899364,-0.0081072001551342,0.0003577752311017054,0.0008661775501969554,-0.015859985372385275,-0.011462366375778776,-0.0021883129377635777,-0.009201402400723136,-0.007305822427219416,-1.119046099016105,-0.21730765586873835,-0.0033366029399690606,-0.0013804401933901346,0.005133702757562242,-0.0022263734254538256,-0.038449226406535725,0.0010697427005150265,0.011098558229747282,-0.009431155838433174,0.002657928589336085,0.07924351719597311
AQ_Wine01-B01_R03.txt,AQ,-0.0004080724721294126,0.006397454250601585,0.0008621158904655658,-0.3932563304518781,0.0761690017643123,-4.96447228823288,3.4039941861403475,0.001930198852962879,0.0002720809310808855,-0.001399853346223852,0.014351205125769085,0.04465384368488465,0.018446419579511222,-0.03753671931276001,0.011740847845207986,-0.014528597820019465,-2.4685546987780875,-1.2742386363740776,-0.01370244429850076,-0.002340966241467334,0.001080462563834462,-0.0032736863931088784,0.12379617624476022,0.06848322402169878,-0.019479486390989252,-0.018173293190633762,-0.0017553652407907394,-0.01037318622379899,-2.20272307557157,-0.24591070262472048,0.01502668447889537,0.0011032734630729139,0.004652672771133251,-0.002849097090136172,-0.07439172881943551,-0.05241583104104802,-0.12003598228701817,-5.677584868062811,2.8918521747354733,0.0005131840579675007,0.0017671689097992806,0.0004648719755341795,0.035142431558252994,0.08655163291711235,0.027242969055118013,0.007797177452340935,0.0004167027125933703,-2.9741419874916257,-0.028653943590481346,0.004552538638706333,0.0013885375869894213,-0.0023842031831445352,0.0020292519027993133,0.058280567586015866,0.0710436652360404,0.03989010533995865,-0.00019070936259225598,0.004781049076506525,-1.4871568653089853
AQ_Wine01-B01_R04.txt,AQ,-0.013477230502047263,0.0005376433236611257,-0.0008395628678016752,-0.5256089476966607,-0.1460295368110121,-2.168041164733914,-0.08986114334142314,-0.007648653078744465,0.0026746107365091406,0.0015245879922798785,0.03411570611108668,-0.02760068859878871,-0.0077969338012499265,0.005729991937481069,0.010836002108533253,-0.015749957889090352,-0.07513815694893822,-0.5184433515603604,0.007135093390611395,0.0012472561317740914,0.0025761561065739485,-0.0025143558223462183,0.046377210669438264,-0.01166699464911807,-0.009130552992440914,-0.010991738350688507,0.0030174764109018905,0.0015443182977691449,0.4109056645184168,0.3307813457722466,-0.010440410377734972,0.020273984613656114,-0.005766601957746582,0.004988013989837863,-0.14143723109076914,-0.14828335156910671,0.027652579628786974,-2.204088872021191,0.23481340875342838,-0.0028265757720115628,0.004280994805505399,-0.0016241930638017975,-0.007635491584744525,-0.03554505124881279,0.0020041336213828982,-0.0036088784074919493,0.009314874581279336,0.26367815688194884,-0.046132605324139986,0.013368480928763917,-0.0007694753758726487,-0.0037197105137918673,0.005056621090432775,-0.07959349862306656,-0.02980421533718003,0.02113231518716078,0.0012663415754651775,0.004602160974513689,1.0827200878337573
AQ_Wine01-B01_R05.txt,AQ,-0.011487759629621232,0.004659714804994427,0.002209893790229266,-0.43896318081174446,-0.003257707045485947,-1.6713730653952705,-0.14378923673712407,-0.0015783063183908194,-0.0033458291503976204,-0.00026987392898319745,-0.042892159540161214,-0.006426923660332024,0.0014258409820803244,0.007417064541070965,0.0018643173634942164,0.006468087568453943,-0.7956149756014383,0.07652949407894893,-0.0168056766404721,-0.0001670057317372564,0.0032227611162550496,-0.001265740044394161,0.019531230915246993,-0.016929279312827457,-0.009546118938523999,-0.015430430637467655,-0.003141517907050284,0.0008165623983408758,0.8612051323034615,-0.01798479170620304,0.0013853198187303295,0.014752176772768346,0.010488029754955679,0.00829156740395728,-0.09651283028370414,-0.017844322531061316,0.05213322955891379,-2.659518514110353,0.3495228692447778,-0.014797693881649181,0.0012515946517862163,0.001179004411718278,-0.04721617175934774,-0.007830265971829424,-0.014400746613368898,-0.008222302608197486,-0.000978369988011503,0.020015480940435815,-0.26125944080523045,0.008617974119105207,0.0029745975413859645,0.0014835962974832702,-0.0005317192667879201,-0.05375815134097201,-0.014232874893308711,0.017333099040655227,0.010212109636703777,0.003570561762841042,0.8293765493352288
AQ_Wine01-B01_R06.txt,AQ,0.014861786690626199,0.00360840458013837,-0.0016970718969636616,-0.4033103042809942,0.09379369663611341,-1.921555594041486,-0.28293218037020296,-0.0024655569890942716,0.001944291494025327,0.0002891628302971952,0.0031281158533547314,-0.011525303802738793,0.009706162884127047,-0.008917471528797684,-0.00026456690409678435,0.0030826008816155484,-1.2987825374778152,0.30109396036802943,0.0059471775790169166,0.0012135745829070191,0.0020596412570891157,0.0015728027114218163,0.002652303558081902,-0.013875590661134236,-0.003490152581823991,-0.008969375033548745,0.009723548442891363,-0.0011190188055139596,0.6024363274692188,-0.20316520004082084,0.01916687276745017,0.007717555838103021,-0.010090055494634115,0.0025127189100487644,-0.0561673313923544,0.10482965362805252,0.007287518176667885,-4.172967614034482,1.1483854463097831,-0.002712079778560319,0.00013837798428284828,-0.0008100485665917803,-0.019997085620243715,0.004918016537267153,-0.007063228458203459,0.006001743394247134,0.007695330186122822,-1.2648590634858539,-0.3562855689339459,0.0003979209706081123,0.003020868200122918,-6.0964572793297176e-05,-0.0001833633886670169,-0.007551538800923786,-2.9908667013898473e-05,0.007044794582907366,0.008017706479399063,0.0016882253279793366,0.44936963071258207
AQ_Wine01-B01_R07.txt,AQ,0.002396488118525841,-0.0011316109593671603,0.0004871402676683374,-0.1536026939539614,0.13331808765211764,0.44437451836945385,-0.3303001800356249,-0.006261209483272315,-0.00010828826748198773,0.0011521633977532237,0.009375808323795295,-0.0012122657605582107,0.0100214142076871,0.0002537609706283108,-0.0027225303800136073,0.002861082459734099,-0.5339666589052499,0.26130703419519774,-0.0035668431477239807,0.0025850347975581813,-0.001121121049224107,0.0016913630245551144,0.016457416628577255,0.005678451929285301,-0.014456605507069452,0.004454315273188066,0.0009779202241479849,-0.0013126072447929014,1.8036396989346608,-0.21961033091274773,0.03958128094476255,0.0007012199067181097,-0.0033025789971401305,0.006756328430086643,-0.19946030081085706,0.023943613444702916,0.25474101158493423,-0.6742320205696437,-1.1204785863546247,-0.0029857664245600836,0.0009294887654085163,4.26061007364791e-05,0.004217690585423095,0.007793349107151568,0.0008580583368462832,-0.0016447626706380478,0.0006562955831722474,-0.2673057345690282,-0.2610152446196832,0.001579879872697422,-0.0028904388292499516,-0.00025971069886499443,-0.0012064788733075526,-0.019494470181344335,0.015351231996910162,-0.002240981769697275,-0.002432157890746836,-0.0031659351950810827,1.4303410201631106
AQ_Wine01-B01_R08.txt,AQ,-0.0037807992445706966,0.0025216754824976973,0.0027145078809408738,-0.4150685512040129,0.022952338198824418,-1.2581134359831934,-0.2647177092744535,0.0022470299527743934,-0.0010387202267997248,0.00147432623155784,0.01958963088481948,-0.006912281092661941,0.0066521710981525,-0.001866303408076751,0.008275658228135497,-0.011669055331053,-1.5396812467934744,0.1372333463485152,-0.0037359390819830486,-0.0003424228839410253,-0.001904396630171217,-0.000900924605557229,-0.030968478280474825,0.0049964223189526424,-0.00028942779005127406,0.0025661842997651936,0.002171256777091996,-0.013434078783480798,0.1949230319995574,-0.09038922368579061,0.008410310036849385,0.00770957687707569,0.0003965050463121217,0.005566322919872312,-0.1222410177668618,0.01705537687272326,0.037252904964887215,-3.7471775211230827,0.6230303387876095,-0.0024326406472201835,-0.001252587132887028,-0.0010996526778800438,-0.013719674041702094,0.005380539096372318,0.009769806043462845,0.007816673016896744,0.0010709953228499073,-1.9540467290807624,-0.40949194398712163,-0.004859349201217339,-0.004019095543641324,-0.0015785900649264652,0.0009136364560569312,-0.016049746687831927,0.011627977387378342,0.013348578605856507,-0.0023431490155083616,0.0008806043077394595,-0.015330783547059301
AQ_Wine01-B01_R09.txt,AQ,-0.0012859182394698316,-0.0008399490263662521,0.006257607048316051,-0.4044512032014114,0.002214753891480306,-1.1942330084182986,-0.18149102216962643,-0.009624603225578131,0.0020545225946921914,0.0002869207938557475,-0.020991367903901784,-0.008518797431058114,0.003075839305456445,0.001137048995866816,-0.0015953972843880592,-0.0016679469304419175,-1.5544219378962012,0.06285354236893215,0.0021103137310661177,9.949929664849637e-05,0.0004128872276866229,0.0028237848603124686,-0.009716415918745808,-0.0026831822394523756,5.6936423062927625e-05,0.012868962229884217,-0.010965706131455618,0.008990600310673126,0.29865441780236157,-0.048820310731349625,-0.006077653948613798,0.002319102379395788,-0.00149584020807587,-0.009042324836256822,-0.08337683722030029,-0.13323938223815385,-0.06426370856391642,-2.2762849426365905,0.26477053166556885,-0.0031380942153931795,0.0018609407097183164,0.0006159055742556384,-0.013286945594934027,-0.0011119364300400097,-0.005739962693428084,-0.00568510078174553,0.005788247107429599,-0.9894170838427079,-0.5023324590738159,-0.002744494631123959,0.003407479254695938,0.0012333594970099632,-0.0021885201581186347,-0.07725240003703983,0.014486129360849129,0.0033913531335755965,-0.014121310642689396,0.0014159173168637209,0.390337566567835
AQ_Wine01-B01_R10.txt,AQ,0.013368211320857805,0.0019069274935814891,0.001964013381673995,-0.410883318738622,0.08950728050017494,-1.4362198436655484,-0.22730124937788787,0.00531348391459633,0.0007559831012609717,-0.0008412600434399652,0.015946954688607157,-0.03714695740995238,-0.00027720123567002986,0.007857979530351234,0.0072970155113425824,0.0073858359442313375,-1.250171864382457,0.16319002303854602,-0.004070277287264102,-0.0014603149765287072,-0.0003318085516583452,0.0013633217844823881,-0.015051041543996467,0.011306902239399726,0.03933228949248009,-0.008646924474936469,-0.010916809045466536,0.0029278933433291203,0.5161682888652015,-0.05920169113132445,0.012082406616092528,-0.002433414403743358,0.0020691277646108694,0.0038052541734124538,-0.09110972421860238,0.06615138504432365,0.0030854582229107707,-3.9789263019082997,1.0730514482433682,0.0013362160757929556,-0.0007007131182125537,-0.0020429930484263917,0.004975679761464152,-0.012732564985969778,-0.0033421630744143076,0.009708102817237246,-0.007701711333486258,-1.8837681887595177,-0.45488340494786716,-0.0012056367082612595,0.0024153540140064954,0.0025788785493245487,0.002170888288828877,-0.03339384732575001,-0.01832751519019489,0.02128979013741468,-0.0005737760873146583,0.0023024215169932384,0.22528068374837273
AQ_Wine01-B01_R11.txt,AQ,-0.0027450966408420208,0.002180451066705079,4.625532401973117e-05,-0.43637795733191226,0.020535094058407755,-1.6957202757390109,-0.19502641344203475,-0.00801007430093989,-0.00011069056387010337,0.0019094500768629947,-0.002257483921652495,-0.005776358142120512,0.008213961154133195,-0.00454497792704665,0.012565292291452507,0.006244817459417889,-1.0502585208334416,0.15661990971582562,-0.007893237395102833,-0.004661106080454142,-0.002008607001352824,-0.001417039187768724,-0.0472660560826356,0.03989586510507816,-0.002590059468863099,-0.017106865276588418,-0.014856191720063625,0.003239604556080221,0.8430225760751267,-0.12739302332357028,0.012161697929726524,0.0001735988641801394,0.0034310944439046843,0.0035798305495202817,-0.18000636850681445,-0.18777574891509324,0.01886671759783632,-3.8976608722629686,0.8706205715068718,0.00480500473611498,-8.375434149220502e-05,0.002003898128348957,-0.009947368256633018,-0.0025716718089857354,0.009586082507108434,0.004483788767185993,-0.00817972610658704,-0.8170501601905542,-0.46164013290679495,-0.00543316094775889,0.0022513557273541175,0.0018903230362765137,0.0010134724349156491,-0.016867268583539048,-0.008721032953148827,0.031052432779026515,0.0035101637922184785,-0.013368512067129017,0.634572289514407
AQ_Wine02-B04_R01.txt,AQ,-0.006206744539108765,0.0009594514762140539,0.0007258399665787333,0.32852926932586013,-0.060850532199032345,0.6757768360772998,0.19386416750916347,-0.005531785765328978,-0.0002672720766214049,-0.0013273101691860336,-0.01834023175248825,0.04524097756348961,-0.008492645096883432,0.004877696506220499,-4.084689781344141e-05,0.008752636377490417,0.973344171567029,0.32336659411648483,0.0010341672830126902,-0.0008067862405603065,-0.0017766373253002262,0.00101060220391211,-0.029300715975227383,0.0015801286170323073,0.005802820819265678,0.006379718965045149,-0.001317478175757752,-0.0056348610534578914,0.9015510640616551,0.09335506530211424,-0.007669110893742551,-0.0009787923953629716,-0.0049041312677809545,0.0003889310510340972,-0.08746530465099699,0.055583545502440365,-0.018047135105537095,-0.11848645844695671,-0.925946741764279,-0.010078454920921742,0.00012489770085196832,0.0011821716143628654,-0.043921686701611784,-0.008145750202642096,-0.006692430613948798,-0.009647092182191813,-0.010453727704724943,0.4080578253062548,0.3641328433065125,0.006206696848033332,0.0033409731366205774,-0.0005039613910892582,0.0008912723903909571,-0.019561499106906265,-0.008685790646020083,-0.012088210206494816,0.0005903721281516976,-0.00556871414435156,-0.1706101708967651
AQ_Wine02-B04_R02.txt,AQ,0.0016905122854311595,0.00225025293776703,-0.002346321519849188,-0.20498811086005392,0.06763919773086899,0.18420265215862397,-0.31362829656044244,-0.0014006903587614474,-0.0024424454462987416,-0.0007457835923825664,-0.03521638892504284,0.011358420000294583,0.0027049472488548214,-0.010962976735945724,0.003064068386519023,0.0005006337105403873,0.5490179189979125,-0.16982940351390663,0.003087963365937161,0.002638707569664482,0.0008253981367458631,-0.0006571976092844858,0.019233278423012354,0.01351188537040273,-0.011793726785658275,0.01702226463423547,0.00496207449018798,-0.004796612056639362,-0.18276113355069024,0.30838604890315224,-0.0005905382771139982,-0.0051983124759270236,0.004329509484932886,-0.003370046637194842,-0.06962316237962869,-0.07639962654625355,-0.03391536400919314,1.855908004598514,-0.11197295118118777,-0.003111691221469031,-0.0016762660870777515,0.00038569387030720797,-0.05377214256903816,0.015775295598096328,0.016706167768382282,-0.003914362412744822,-0.0016327113331106155,1.4774249864736113,-0.02633894003630921,0.002109378303537743,-0.0003108943083965498,0.00014985419748726807,0.00042940177516681766,-0.03237570569199654,0.015121170506628218,0.013237118289568466,0.005722658720370496,0.006867091624855952,0.2392777120810723
AQ_Wine02-B04_R03.txt,AQ,-0.006067810036176666,0.0021801612630289163,0.0011129097705292637,-0.24682512121494526,-0.0880338047991827,-0.05191884572670169,-0.26862699056596373,-0.008377206751725593,0.002250871797307767,-0.0009888788959002567,-0.037860142594156675,-0.00036982522357881416,-0.0015099980006953867,-0.004333040127359334,0.004837291398173196,-0.001799942248135242,0.6097339706438172,-0.3126392857861161,-0.0021856373239788813,0.002055545497803448,8.99383556875415e-05,0.001560689928771827,-0.03929790473240797,0.004657526557972429,-0.010773301421170056,0.0002171988584698508,0.008356710345998693,-0.00021752991515649957,-0.3410209064323362,0.35108538226416686,-0.010523384758176105,0.0007183502905257986,-0.0007043374303653162,0.0026100864363636585,-0.04685867775127575,-0.035800477109664275,-0.006451581855089992,2.1381854898282517,0.10775760468009654,-0.009692173203547162,-0.0007473859513469447,0.0008327231975486142,-0.09393265194208841,0.0042140684261289686,0.00543521204889163,-0.009729148166122338,-0.006024537606778533,1.765920016229079,-0.05403944819653628,0.007635250194758431,-0.00023200856109639658,-0.0002673203934297227,-7.52588614977331e-05,-0.05606409163344726,0.005391783644384457,0.005244849967048205,-0.0012591520189627913,-0.008962537314785447,0.36907752913812386
AQ_Wine02-B04_R04.txt,AQ,0.0002408198179024261,-0.004283076098410566,0.0005043314632461767,-0.29044330020763787,-0.039082765810972295,-0.3143764616716265,-0.2760575521141435,-0.0032474120138690134,-0.004287416004149214,-0.0015182540479969798,-0.055392303265014715,-0.02094348147806039,-0.0031806400043236267,0.0038336844081063547,0.001870650453229269,0.00022910068180025112,-0.19464745644974268,-0.3750248987243362,0.0015544750320178812,0.004739280089511353,-0.0019363811068506217,0.0035250099730056977,-0.013385891417400549,-0.021988532997698956,-0.009850064824219837,0.00704748892013529,0.0023201734099687846,0.008820234219324605,-1.037879160108163,0.11610866380459117,0.017216420249661506,-0.006594399786398154,-0.00017458376654442805,0.0017507444291433862,-0.08571573614376464,-0.09284151031675485,-0.018251387868951034,1.908739794599133,0.09720809529354835,0.0005303590919298879,-0.0025640830209199324,0.0011723640701499943,-0.05315535121304141,0.005398254511160454,0.011350545120796507,0.002117544361209385,-0.0021230226466944094,0.8157700417293947,-0.13789876514191857,0.0035296141311098018,-0.001733958185756057,-0.001022910910357542,0.0005116753389351241,-0.05793479668273635,0.007124773518376845,-0.019464362780749395,-0.005685371324925307,-0.001961945230056438,-0.1399084787379996
AQ_Wine02-B04_R05.txt,AQ,-0.0029965430784879687,-0.001065385170587317,-0.0008564488814778932,-0.3349136974086827,-0.11123686898897038,-0.5766145143093961,-0.13907591581756407,-0.005866815353978186,-0.0016392320710833593,-0.000784275349398936,-0.04241617612757229,-0.012757480369693083,-0.002419888651634429,0.004028964164290241,-0.0021969408730144148,0.0008265628837093326,-0.848335428546032,-0.23983662125786676,0.0024011446920325008,-0.001455704330202741,-0.0009474361573222835,0.0007125378031756606,-0.055426878358925284,-0.008501000916351626,-0.002648931537622457,0.00985747007223852,-0.005611817709047343,-0.0046960206128079844,-1.4697686181389655,-0.08390993789503098,-0.008708820405389006,-0.0019616571949422493,0.009500787556644274,0.0012529693449065491,-0.07777759045234461,-0.0985111320101676,-0.03213306502261423,1.484598142076334,0.1631584378411901,-0.006516023753375949,0.001986328419175162,-0.0006737055805569939,-0.0622829411072747,0.002832263891668449,-6.517551980069532e-05,-0.0031850042369778488,0.003550869492632171,0.23512930373558483,-0.28020305922712496,-0.00011138915545232759,0.0034481972475996106,-0.0007007948262406803,0.0009846272137495474,-0.06351703285584617,-0.005763855637036804,0.011423194337719014,-0.0034073076460948274,-0.003908088515229023,-0.5001209186352522
AQ_Wine02-B04_R06.txt,AQ,0.003474524899592341,0.00017390932753691648,0.0011604694199686806,-0.3740659478858328,-0.07295289063324499,-0.7992955207748382,-0.25158805342837365,0.002036077579713893,-0.0021175098520701315,-0.0004054227583752218,-0.013866003061891854,-0.003974310076909333,0.013137025359474494,-0.0002060742871145809,-0.00620599388785274,-0.004420235167412132,-0.8019518422378695,-0.4454773876123068,0.007063392590338783,0.0025233572307525095,-0.00028568396269294,0.0022028141430618297,-0.020839727261921383,0.0032604698233463817,0.0019893512348072694,0.011378235227639871,0.0008432771180825322,0.0013077045055501291,-1.59998794546605,-0.10838606578356269,-0.00759639737563272,-0.006223666872952794,-0.0014199841846648407,-0.0022132546232515307,-0.03184403460710073,0.15805389700721081,0.004724460768272886,1.0386642893215763,-0.09759334499357308,0.00043985656625985056,7.657741204205161e-06,0.0007223365879073483,-0.033241135398079394,-0.006214261888871605,0.007091564302886648,0.0176750508120909,0.005219835556507556,0.010604763221770952,-0.11480602994022071,-0.004021620615836847,0.000518616948423504,0.0021712224037815234,-0.0005749566345792548,-0.060877741658116005,0.01617241552467845,-0.00819682075849941,-0.009092195748703282,0.008871669878104695,-0.6738242038265589
AQ_Wine02-B04_R07.txt,AQ,-0.0009950759164942579,0.0007259835925360393,0.0018379912946610655,-0.39362320487637475,0.010966646786151349,-0.7254183447002367,-0.5238330083280047,-0.005173637547876116,-0.0013065838551061248,0.0015358736558850178,-0.03772199095494919,0.0038664915850662607,0.0019971220544200245,-0.0019338558815924353,0.0026966769827440357,-0.00653564410140026,-0.4613530061663367,-0.3197802400773728,-0.004589993307937575,-0.0034289716525099305,-0.0002752329276251485,0.001133984703863035,-0.05712272199524664,0.006069343563429785,-0.0009163415576918998,0.005455404627111712,-0.0026241191025141203,0.00014170594843855556,-0.9837882904998096,0.11240389768814718,-0.006196717914116265,0.009626775250914828,0.006053871562819636,0.000873716575903555,-0.12905968379921737,-0.14953470256166895,0.010080077286256432,1.3857302604105515,-0.24763715946767473,-0.007786324921867785,0.002605842929124799,6.241607165976778e-05,-0.06148305959374034,0.010521476233008678,0.004423990623429466,-0.008757497561992587,0.008957257203324371,1.1298051816645662,-0.30385942941521393,0.007600689525222568,0.002592352974546468,-0.0021843910293666397,-0.0010936177071101695,-0.06862034607787144,0.004430551161801845,0.00636065843541494,0.004192211523669947,0.007849211721951141,0.2613351458216422
AQ_Wine02-B04_R08.txt,AQ,-0.00445034252596911,-0.004882808346688086,0.001488547471206271,-0.38509649952772995,-0.05623174702910454,-0.8083395821846509,-0.3574159453360739,-0.003932208641152964,0.002441617815150712,-0.0004089604919748968,-0.011322484795101971,-0.007814502737084136,0.003958740188359611,-0.008877900544787784,-0.0013926371149376822,0.0017044439025523748,-0.6924507084176126,-0.3780501898008255,-0.0053221508330466875,0.001135603576937578,0.00046979288133762556,0.0008203191134042767,-0.0570548164101338,-0.0116561368654388,0.0015924841988070072,-0.002908260492502146,-0.0013356126352640101,0.003887104147302884,-1.3150106930890173,0.08293284198603201,-0.012397800176557894,0.003964624086071744,-0.004249500621190019,0.0029871706023904903,-0.011909212902783836,0.06730906060516312,-0.009753051280131273,1.751023889578101,0.09352138306681468,-0.00542411874693437,0.0008109082034899366,0.0011032615538862005,-0.027391142800534132,-0.00873785468127142,0.012017337649927327,-0.002591988933437573,0.001852871306457414,1.1749804742061718,-0.37646560652049343,-0.001874470907026385,-0.001516547200307173,8.578116797866753e-05,0.0017814911892191203,-0.06217075747640201,-0.011173581298397808,-0.006230460579561122,0.01333584576947877,0.00555024399388932,0.1964451494466961
AQ_Wine02-B04_R09.txt,AQ,-0.0008354491777156133,-0.00021670889074648945,-5.746935673066588e-05,-0.4528137404430556,-0.05207947705372669,-1.4868804503064492,-0.27957574896329707,-0.009724876468409378,0.0019686924166523114,-3.868020943252197e-05,-0.019760851833265577,-0.006712727260927735,0.001072084152898868,-0.0040043007880270105,0.00729397760885432,-0.0020407755820763475,-1.4137442964555929,-0.33415317331641403,-0.010622015987767217,0.005086592710317207,0.0009477564407301825,-0.0019789019083149605,-0.03295327885847272,-0.022058430319366613,-0.010878227989145202,-0.0013291816333720298,0.0003676875409803931,-0.0028531942423894166,-1.8025667514989219,-0.19533316951813218,-0.012063170226436708,0.0012721471486940657,-0.001832086604769426,-2.9386155156188657e-05,-0.1070880625648724,-0.06174621171507193,-0.016506881977137948,1.0041724009563415,-0.12397740747547825,-0.003074877582222396,-0.0014641180039699493,-0.0009589298718071561,-0.043609286512052564,-0.0023916147653883415,0.015586230152155564,-0.0027670330489086804,0.00021640078662150757,0.41401724394132966,-0.40880118774844565,0.0022175531151763187,0.0044506305771277324,0.0007860421335423504,0.00028537496128197386,-0.0713356965275901,-0.015032394659066039,-0.004971241253797544,2.8881355549867458e-05,0.005507146742892933,-0.3531394775221002
AQ_Wine02-B04_R10.txt,AQ,0.01789863212513236,0.005393293269675423,0.002545609930896569,-0.222668904182652,0.39137719075844735,-0.5020118586693396,-0.558315600484133,-0.006137929544177896,-0.0005878725902761759,-0.0004392771650114027,-0.04341792148650977,-0.004518462653722509,-0.006895469344271078,-0.0033842138011490244,-0.00013609726576326378,-0.005539471011988595,-0.16268110524894297,-0.3712606330724527,-0.0019027855015204204,-0.004741384511504002,0.0005968311295287165,-0.0002843640368642529,-0.041055410884562694,0.009188621505234173,-0.0020948369259947766,-0.0014663672226414293,-0.004621328802444508,-0.005983293511156474,0.45308472527285737,0.36569526457057044,0.0496889805218848,0.008256407751710604,-0.02220281414631088,-0.016878630037337538,0.0861939233254761,0.3981741310792155,-0.11499174942533431,0.09464307830326835,-0.5049403009137157,0.0020496324783011357,-0.0021524250602522276,0.0001635457101282467,-0.0568032014919906,-0.004178732640989958,0.012553257730083677,-0.002355110494583133,-0.0019247297372756815,0.3736931484995072,0.09809523960360611,0.004480610628946662,0.0027447751712792985,-0.0007821189583293122,0.000883049474382657,-0.05396807631650601,0.0005884710226281174,0.00597995688841486,0.0018453620294630766,-0.009989527550678674,0.7963702906920092
AQ_Wine02-B04_R11.txt,AQ,0.007044397286366828,-0.0036925679893735244,0.0017428684391962072,-0.3772642861082253,0.045780524603001096,-1.2035861416928384,-0.1905699968692014,-0.0005262745631097023,0.0032277127453438754,-0.0008827100747157225,-0.011852995690355875,-0.01848604693214829,0.011932943279596302,-0.008302433772393942,0.0012045782219945568,-0.0016051082965181439,-0.4306423919801814,-0.48206024405066716,-0.008049159439839252,-0.0015905268130324503,-0.004151177723876856,0.002090702156726854,0.03691515884008067,-0.005007274673356437,0.005936576649221575,0.0012724927045928858,-0.013263309335228641,-0.0005600421889700223,-0.5505527954824374,0.31604539619685146,-0.006361725052638421,0.02206338482309519,-0.004574528530326589,0.005501477544934473,-0.07302511961032127,0.13708142858572808,0.015912162163405397,-0.9606396723712693,-0.1696965324766202,-0.0018552088159593176,-0.0017019411037934632,0.0004758982623788872,-0.02241491223631978,0.0021771021279969726,-0.0063927738263156765,-0.005270037610263429,-0.009607842915529945,0.6469651227545246,0.1869773055470172,0.008477103537254383,0.002737802649283494,-0.0017461105327191613,-3.506429409765136e-05,0.023657106148213244,0.01199561675567224,-0.010201343594446199,-0.016064601651655613,-0.007768518289869357,-0.01241527496158179
AQ_Wine02-B04_R12.txt,AQ,0.00292298311428876,0.0010254942807142915,0.0001645220636361461,-0.46566319669786016,-0.07437263351880787,-1.704332385758211,-0.12871747056074856,-0.001527494711714931,-0.006494784856685653,-0.0003428564146639902,-0.04159660528536387,-0.014922060535554862,0.009379992267304044,0.001149914072862605,-0.00022611933960739895,0.0016503697604189583,-1.447645193305675,-0.43673240363340815,-0.005232345073429083,0.0009914204715095571,0.0003686996665395416,0.0003554348029812613,-0.032742387748221295,-0.011560871082183554,-0.025026362080812062,-0.00665698982550933,-0.006772684478995294,0.0027141013023035,-1.8660896459944458,-0.2237862742206458,-0.0038518514602165358,-0.001040333038622609,0.0009301829993468174,-0.00018198408850594755,-0.10272092175778684,-0.03193705998999692,-0.002824104928556387,0.6519420161563687,-0.06170309251925321,-0.0004300837114350652,0.00014197364354756912,0.0004214036768861533,-0.055556605334200315,-0.003558718247462322,-0.0012200868820593166,-0.00026780000851924467,-0.0015156847661699127,0.28853838670815346,-0.28597392902237306,0.004788996545336603,0.0005373716447065205,-0.0002156222210955393,-6.933333250674472e-05,-0.02939558632580467,-0.0038164623747751524,0.0027336875004103584,-0.004499403076970597,0.000789336034769625,-0.5515890217861479
AQ_Wine02-B04_R13.txt,AQ,0.010628688281603219,0.002433509894870423,0.0006849893438310444,-0.402530649821488,0.020479891453493104,-1.4456177632966218,-0.061979990316210376,-0.007866638442437651,0.0072791555927907954,5.756237081456909e-05,0.018186405018565915,-0.03281211105642155,0.0004856412266402675,-0.011729093058350466,-0.002304547665884854,0.00534834007988228,-1.4995700930318865,-0.39638189322894557,0.01852815472906115,0.0018862730312248467,0.0009126514209224445,0.0015709191114430996,-0.01741908657138326,-0.021452875164294415,0.016183641321152457,0.0058844168158745675,-0.0018145247033692015,0.002422710739985505,-0.3252877109513168,0.15599876638108756,0.007847527663936746,-0.007007193100160235,-0.0017788599975102981,0.0035013656745453187,-0.09480788819850705,-0.08797409078592665,0.006220794623138529,-1.527247218328931,0.2723372025381554,-0.0038287457311659413,0.005531102154336881,0.00023127283500846534,0.0032600159053050304,-0.01186915034673868,0.009872076999062744,0.002548898329653244,-0.0003854980437137585,-1.073245221330874,-0.19512214028597374,0.0032514395034188093,0.0008600307974664404,-0.0014070044991623468,1.4515583614063048e-05,-0.02057143499372789,0.0063529728045808925,0.012982674802017726,-0.020306812316059485,-0.021700725377725757,-0.022976398039816992
AQ_Wine03-B01_R01.txt,AQ,0.014041311305719381,0.0116692326975351,-0.004857079392571895,-0.29462029995895783,0.1897418879910406,-0.18393256424811444,-0.6196270448157595,-0.00555494476824325,0.00043415340125744085,-0.0004910704150135767,-0.03527416503563247,0.0009288990153601302,-0.00700664073753321,-0.0037707964080020105,2.8885101329687024e-05,0.00024176341137085305,1.1643825930980132,-0.06952767629973655,0.0015728904946907454,0.0013048921652458825,-0.0005983127923632986,0.0007407524500484526,0.009548611949789457,0.0035964032351155986,-0.001482465838536565,0.010491456777888873,-0.0003139512444851099,0.0017108565674203034,2.6063926591582005,0.028402662957647484,-0.048012979360136425,0.0028209406172560528,0.0006328590626464935,0.004964329006428242,-0.03929782771599049,0.14482756709008487,-0.011034983214735403,2.3338042203650984,0.015909455565571662,-0.0006445184320496568,0.0003518714071106954,-0.0001087954690974927,-0.044337470403771825,0.02457001270364386,0.008872211672925227,-0.007883183195474795,0.009529521862538004,3.501144675105026,-0.5771136243361827,0.004591017007788493,0.0011211619647999538,0.00020990948266409244,6.361761531771549e-05,0.000994996779639145,0.006192228731753966,0.008513786575444104,0.0031159989989009277,4.353607297723336e-05,3.608990988782412
AQ_Wine03-B01_R02.txt,AQ,0.004730559549683983,-0.0018217214976822607,-0.001329273096771948,-0.4338327216139727,0.009066941213963328,-2.7121498734818967,0.7925199456103593,-0.0013511685500756363,-0.0015313602262428247,-0.00011991905112282149,-0.05193216938562204,-0.012497482252806245,0.0018770556933180998,-0.006375212989823218,-0.0004863850614418644,0.002256924396313257,-2.3120166072870534,-0.2090943310027371,-0.007337835889790995,0.005282946084130302,0.0012001424966166711,0.0018310554277503996,0.014668589612248054,-0.009537534291320331,-0.0038334837894994944,0.0004675188795208304,0.0011732056737014309,-0.002009456328832017,-0.5853674476181916,-0.059755553805004746,9.231675869665352e-05,0.019119961303769032,0.01583017781117549,-0.005858589199197855,-0.03585052015634803,0.17775387399714226,0.06438507175687441,-0.36520703072436245,0.36588095141779586,-0.0014961102230485537,-0.0005299330534249447,0.0014484949588842097,-0.05003184378555772,0.010787776777516089,0.009745835194914997,0.0032945134275580955,0.0036855330962456273,-0.17731375459904264,-0.3579773666095165,0.0019381633038706746,-0.001135577277907004,-0.001491329288260455,-0.0018006716263583,-0.04263217325271414,0.020736441638432395,0.0074986447661914805,0.0028259736988161506,0.0015092142486201475,0.6859822675412808
AQ_Wine03-B01_R03.txt,AQ,-0.003463558351630992,0.009346456402292602,0.0008568147552990063,-0.3973899299070935,0.038873641141518964,-2.3939951034661986,0.7628283495802792,-0.0016427386546332497,0.003288943527482426,0.0029224693263153107,-0.006020841537956179,-0.013462275163338625,0.004235256570778844,-0.007830320934535132,-0.0020377086475329978,-0.00679494708574257,-2.3435237871153096,-0.2883027230208184,-0.006211804885157785,0.0013606931562893019,-0.00013493482073709931,-0.00019551861264632174,0.04651276059047976,-0.004247067838520174,-0.009276489207331462,-0.01885898455051594,0.003414153556969732,-0.001031924306143151,-0.5453433144439219,0.0310233120712331,0.0013367691901315926,0.007172290704221833,-0.004626488319326274,0.00463240427354744,-0.0026771550301211144,0.013117489320718628,0.05356885237616012,0.9083153985367387,0.31389418652388734,-0.006637457013778573,-0.0011197934499704452,-0.0023397792336248553,0.007531121216014791,-0.0002676534914321429,0.008322809616602643,-0.004986703944347506,-0.005226413808666517,-0.09245892092475838,-0.18071142151335673,0.007799696323454966,0.004163602865901882,-0.0017051322712937052,-0.0001636429520520941,0.01274063110803942,-0.004279171194985943,0.013288530247140284,-0.009984745041797366,0.003116396246441389,0.7966904054613502
AQ_Wine03-B01_R04.txt,AQ,-0.006080126376542759,0.004319499477150575,0.0006425014276256137,-0.35693685165884126,0.1231583773736509,-0.6269484886420384,-0.531958645408773,-0.003976923893137041,7.395949044010364e-06,-0.0004983479678104609,-0.036085972691445874,0.011998664380407002,-0.00881918260659421,-0.009298019359274982,0.0048567897534877984,0.007631039835500104,0.9905490396718912,-0.31071749836986484,-0.007822325415782545,-0.004562233790592513,0.00750011173547758,-7.706530792062874e-06,0.013004676674744711,0.03521062113213038,0.006129260690308723,-0.013152119767396296,-0.00990281400956026,0.0008599520950027951,2.0591162813247523,0.314005553481153,0.01260471980614063,0.008520784225137544,0.0013644315474287474,0.011736286999195274,-0.11565110792950221,0.03319497590890584,-0.03746571818173032,1.0453219111386547,-0.293744886979205,-0.007978186917511728,0.0034504608313141224,0.00012771708236656703,-0.020623767657076436,0.020787515757966182,0.011202502439883568,-0.009299237535952722,0.002718873684460215,2.4488031943378843,-0.15783691316768045,-0.0017287813235820943,0.0010412933852895828,0.0019070933750044488,0.0012138779297337298,0.06464668583411202,0.0131851237887999,0.015333528791188576,0.015292086398298578,-0.009903222178676247,2.7726951384030505
AQ_Wine03-B01_R05.txt,AQ,0.0018242456466782395,0.0023405465061259096,0.0019107198713460888,-0.4325598450773096,0.09077293489089895,-1.8351987768211826,-0.21185863490025625,-0.001297825666397759,-0.003819990084720591,0.0010933480593711044,-0.05777050379612935,-0.013121977063094807,-0.007557535890489412,-0.0036013737888477846,0.0051155052976831344,-0.00042814435822916865,0.716023024148754,-0.44050665359216423,-0.002641914704123283,-0.004532337304283061,-0.0006372867219429396,-1.961650768602356e-05,-0.00040576195208446436,0.019205386810306993,0.02403697809137824,0.0033677633840913474,0.005335680567694805,0.0006837162865722913,1.3928710424757789,0.4431688994187768,0.013125992636571236,0.006402531564680471,-0.0021253318280943755,0.0006974043949785107,-0.15064103187329358,-0.08312376063962722,0.04432174331908342,-2.557222843009403,0.46753626358669376,-0.006821021541667162,-0.0026944521839306823,0.00013049731401446475,-0.052134020717834614,-0.0016955134533455669,0.012796703996058142,-0.01116953559380188,0.001520469169851445,1.8819814841330516,-0.14382059303409145,0.007697666694332687,-0.0025105283848212805,-0.00019234866646718565,-0.0019950112548368613,-0.032929289835253533,-0.006094311735413895,-0.009974864404273434,0.01123291645716197,0.0039838172955725115,2.2107780062341815
AQ_Wine03-B01_R06.txt,AQ,-0.0021439029940575347,0.0007717839348393169,0.0002755356104949503,-0.38741697965587496,-0.01115581631676514,-1.0943472266814336,-0.17466787155877572,-0.003993048529248247,-0.0008345984193829476,-0.0005467130529536549,-0.005827315183340134,-0.005002832150835083,0.005920725678698915,0.005034675187114167,0.003913990573274257,-0.0024534037398395783,-0.750750215316514,-0.25662148002850416,-0.011954979358232738,-6.801241761225215e-05,0.0017587340535949601,0.00026702384573149777,-0.019796198178044733,-0.0030778483489317093,-0.006865591361878251,-0.030943479230389453,0.009636846884449626,-0.0015241752251745828,0.39696442510471197,0.24614818342453226,-0.00015167169839563292,0.01563206630229528,-0.0017791598164383295,-0.0002964009128009757,-0.11975338499137456,-0.14334835202205298,0.030167077124170768,-0.8520224489997172,0.19005161411805904,0.003284082487493611,-0.0015171511627423673,-0.0014756793442072566,0.007467541341485792,0.013335056270450951,-0.0004397858917450667,-0.007197275250410483,2.7328590408093366e-05,0.5358548029863153,-0.28690415854638873,0.008798704952278141,-0.0008875511970833815,0.0013387754011680941,-0.0015325307674620365,-0.03525483107076786,0.002798223045498218,-0.0027855898315360048,0.0069851607781710925,-0.0022422565909890513,1.2496138408022022
AQ_Wine03-B01_R07.txt,AQ,-0.00528665205506818,0.0008993993560887656,0.0010188504403277512,-0.43241143715474417,-0.03805100811586658,-1.3204216261285442,-0.1898094534657826,-0.003017707492266244,0.0016006869634303468,0.0011355158036074587,-0.04335967728777789,0.003475231900101827,0.0011487520420581758,-0.011145555345567765,-0.0006484959177891726,-0.010443995477611219,-0.9269822178936442,-0.3765904956077265,-0.0022274676399060616,-0.0009122719347965041,0.0006182543370241702,-0.0003681312183782524,0.002977018487425813,-0.013476216598304154,0.0006265901215124006,-0.012854006402816648,-0.0011396014628994714,-0.010756446352479918,0.4552612402130123,0.2496551495152557,0.02952752102381852,0.004241096248696085,0.0006944844397279733,0.0026866610933136753,-0.1784495914347874,-0.1930345139908014,0.049609991885542604,-0.48329592154102485,0.0923309996168502,-0.0028126475115217236,-0.00013542250817070154,0.00020854493967119243,-0.003502353037924427,0.02791827477070044,0.003623260489678061,-0.009428159611691599,0.006230509684827021,0.3034105773751765,-0.3428655570565058,0.001253308050914029,-9.240066706965976e-05,0.0005754421800940242,0.0008936603133434524,-0.010154871046676684,-0.0033313408879303,0.002047941147163055,-0.007854336186035659,0.005861082098527199,1.3040105695004502
AQ_Wine03-B01_R08.txt,AQ,-0.00033564907559936914,0.00014657072341492475,0.0011949854778667806,-0.4118023548627894,0.010592765772236626,-1.384406192680479,-0.09319478340270315,0.0027269685085442395,3.174405239046534e-05,0.001029574439325101,-0.028995280961012566,-0.006076749217662695,-0.0010514375171137257,-0.012823298000942134,-0.0038182423024968647,-0.0014978920711687885,-1.2346024604133214,-0.37555472102494936,-0.00075402737767952,-0.005236084654427559,-0.0012457533950808385,0.00015147786718077935,-0.03305034345679573,0.006092558610486687,-0.0017505418350636341,-0.01091717585579059,0.0012259136606464788,-0.00468167261740091,0.05743549671447967,0.24116349137876814,0.027352527637295582,0.01751790041276978,-0.001567653389129672,0.002331547658962065,-0.16384227873376583,-0.17667926820490643,0.1308323810269699,-0.38624814933154283,0.043247646895482106,-0.005511639872887476,0.0047722812223015025,0.00012944803713570846,0.016312530275780772,0.006890085873462643,0.0046670839273616396,0.0016043539100027834,0.002138913747851786,0.2899311653364638,-0.2254591398860073,0.002062711769530725,0.003665635933919188,-0.001880257362783265,-0.00034998424322390826,-0.021067956991185147,-0.009433757949675506,0.029388325019245612,0.001459569789535623,-0.0019468507936114161,1.0097978017241172
AQ_Wine03-B01_R09.txt,AQ,-0.00417274338263811,0.0014915123135352843,-0.002109253552353549,-0.4133685895905746,0.04983735317822331,-1.2907990577081785,-0.23738385303362453,0.00014054796182259865,-0.0031767612980134726,0.0015388145287054964,-0.049693622707348305,-0.01483353417947496,-0.004014530081535815,-0.006893048630126631,0.0006783418004741365,-0.0023115965501103114,-1.0988654989981717,-0.32176823979191593,-0.0044073760380540705,0.003546837758705749,-0.000998563598883034,-0.0018446847955558084,-0.023755447785455006,-0.00015654807150915044,0.004138670255691327,-0.010087677740070647,-0.012605337338541116,0.00012739135171399227,-0.07101572803894518,0.1866202145000273,-0.05039483667280192,0.007126763980323276,0.01129445345859343,-0.007275394439774403,-0.14564289766763006,-0.23285540462781973,-0.11423140151539171,-1.2498518296812868,0.06841022169781752,-0.00941254411961535,-0.0005495907868430926,-0.002040833957660356,-0.03653663310748008,0.008430530270332536,0.016171744593791115,0.009185361339458242,-0.00021610709245419794,-0.2947607266060164,-0.3551724594801793,-0.004692408718134141,0.004240899039653824,0.0010495346581434724,-0.0010057355708395991,-0.031049776489070376,-0.004842262211342519,0.00894452067691922,-0.020330018609457413,0.001683098901152444,0.713406401917235
AQ_Wine03-B01_R10.txt,AQ,0.0015960239816270481,0.002863435173777987,-0.0008904421105945474,-0.367963605390298,0.04509511476414699,-1.2258669898518075,-0.06050768251190597,-0.002654571741504041,-0.00012113074048700114,0.0008648785500611057,0.0057701842525035504,-0.006382427427511671,-0.00671526241740418,-0.00939311416747412,-0.001783948669088045,0.008261471524361502,-1.1945375237644589,-0.3615502724904731,0.004418306482528784,-0.003558407223848517,0.0024487478551658095,-0.000550069819650838,-0.006216241495330926,-0.002454240704746157,-0.009577628222830158,0.0034594086697729703,0.005965562141874988,-0.00044467903196383513,-0.39143328255265786,0.1652574240137621,-0.016511662542997983,-0.014435403611244475,-0.003065642550625315,-0.0022793500787165527,-0.07207214536385509,0.028339280966994874,0.008119992886597323,-1.125438864770108,0.10925582919773813,-0.0029497014058229645,0.004338027408407534,-0.000724294697192019,0.006053503411641743,0.005500477412894212,-0.00338102376908375,-0.0042083953145317056,0.0050501691529939025,-0.6437921927823336,-0.20632900533965892,-0.0083689444570512,-0.004133803060718718,0.001453887088139729,-3.034603539083257e-05,-0.010979863687704502,0.0024048643996325662,0.004791510874538307,-0.00813287605767701,0.005296834312515186,0.20625025251749074
AQ_Wine04-B01_R01.txt,AQ,0.0028454886564267456,-0.007579598528970207,-0.0023436125764644228,-0.35295690352116477,0.18292621023407368,-0.6198258019693004,-0.7141334214870962,0.007923438375169591,-0.0003185692901445851,0.0017310621331696145,-0.00038630295217358807,0.0009675654256295022,0.004847297263719862,-0.003232128287760299,0.0027481472455454037,-0.0016268565556170709,-0.750286831418383,0.44875230856337905,-0.002235134635547177,-0.006096674958638598,0.002056674349679256,0.0010171229456250406,0.015481568615449139,0.018677795536769314,0.011677294315717736,-0.007319722197223415,0.002693998330934721,0.0007144234466100582,1.7182302106538376,-0.4066811856897896,0.007127112899866806,-0.0028899657456127573,0.009615818099601488,-0.014177936664398934,-0.0506624804587059,0.10654495934917593,0.005670152717605924,-2.827346038007594,-0.3028887605768684,0.002219005471894715,0.0007056119696862552,0.000869936871364875,0.018401634331164842,0.003560132234488733,0.004230725736893856,0.005024462812540649,0.0037658681602521322,-1.3793241035917663,-0.42622330059554936,-0.011784843953967221,0.0020194957263107963,0.00035007409287275053,0.001116825177290295,-0.020030619049834157,-0.016687213215150556,0.009140034758309934,-0.007036106216285691,0.017669903412134286,1.0127683399239413
AQ_Wine04-B01_R02.txt,AQ,0.002708372725697721,0.0030474522375100966,-0.0002928925392657344,-0.40666357731988567,0.10411745872717142,-1.7949891472223722,-0.1632772147896473,-0.005894695999854615,-0.001012475137842507,0.0013437585181994382,0.009872863422869846,-0.0074232300175749565,0.016395333267407747,-0.009862934879239449,0.002030389391204461,0.00774432372295226,-1.9085682417255025,-0.19126650086538455,0.004619918639505401,0.0008641732600141535,-0.0014195798748413589,-0.0016488407800103518,0.0667975372293455,-0.007110314765902348,0.004125491203888773,0.00011623251956040335,-0.004211727364404543,-0.00477906132109782,-1.4620339225407704,-0.2538815954617726,0.016540645999687575,0.0004061827392693618,-0.000366046407628211,-0.0015767821871819077,-0.0651928627296098,0.0588963686847796,0.010321343532628167,-2.5795299753405603,0.3169930473822795,-0.002940413487301559,0.0029202058516256276,-0.00046607884998708937,0.006283279033251134,0.008377232321207679,0.0007742589417249974,0.000304769177430234,0.005406554622965321,-1.1417085388512715,-0.22184570376456336,0.0006057342372815233,-0.00025883272980573984,-0.0009812601322523211,0.00014235001853232465,0.031611358599372905,0.000751133834257115,0.014227107542376407,0.005762276765280547,0.0049880188483189345,-0.676568014169419
AQ_Wine04-B01_R03.txt,AQ,0.00281977609444918,0.0013654381984970607,0.0034136882648768156,-0.43023817584145757,0.028443481481312607,-1.6100481661658472,-0.20489239066683407,0.0012427158428481209,-0.001506966806185438,0.0010647800469069488,-0.016245773586438784,-0.010889105434437715,0.0019298374415619747,-0.005984789758518021,-0.002596821590162582,-0.00840127802441637,-1.9137322588656254,0.15757407726264294,0.0074377902357974195,0.0009655748071754606,0.0013405607971039234,0.0006859899712238609,-0.02569032688650303,0.022503869944238586,-0.009386019109168132,0.005593755583279269,-0.0019404889343724563,0.007650360764276036,0.18792107865538998,-0.20374515905624202,0.0032043919720414283,-0.0008267623299337385,0.003376242038907265,0.002717645975834318,-0.14237815801577225,-0.18817118396432492,-0.011613287377194904,-4.212044345116252,1.1509296527741029,0.0004553088154743538,-0.0023894029734224417,0.0010224428804563727,-0.01811041051948898,0.0007505809027178144,0.0020894833286207275,0.006309907437171495,-0.005517187450188124,-1.9690513463523556,-0.5699389406537265,0.006965833723545138,-0.0007063895903459923,0.0029392965607994846,0.0015908207752976878,-0.039115252983084395,0.0024274992716506036,0.017088577807980274,-0.007442634015685751,-0.005785842667453692,-0.05198816377493243
AQ_Wine04-B01_R04.txt,AQ,0.004894188613840721,0.0028345044745454106,-0.001244367802044304,-0.3981525264990033,0.07197446514044795,-1.330410705254434,-0.2817694158097881,0.0006634339017354087,0.0033096411175205904,0.0003398743088380204,0.027046980761527627,-0.0066223929170646356,0.020311984254069777,-0.007982409042550992,0.0008247760402832821,-0.0015114120884820218,-1.3687531045478147,-0.2896435651123428,0.000359046697865499,-0.0014724113776171794,-0.0024461137437126546,-0.00030674599926309456,0.0714588945537611,0.007334275513082108,-0.014157989573568749,0.0003179549035651798,0.007159066701127417,0.0015260844819716959,-1.0553595662103388,-0.04812199673723949,-0.004282801706909266,0.015019553380959215,-0.002392495048891493,0.0024746863660873065,-0.016913856467303694,0.22817097721332902,0.00744129079800453,-1.1678868381129144,-0.25798866579447566,-0.005354137567162265,0.0032776799335577315,-0.0012506478390267451,-0.01042909331954043,0.007637807014584018,0.01046046804160112,-0.0002094223898655781,0.007800681399551153,-0.05439474859248161,0.0977484567033966,0.005683564497953106,0.001938406786230252,-0.00027744179691299053,0.002785897525421797,-0.013681812784009992,0.017903506600486563,0.008909298737674924,0.006010175213175786,0.014808720383571727,-0.26209893126244044
AQ_Wine04-B01_R05.txt,AQ,0.01851272844651641,-0.003895539521175796,0.005140368649013611,-0.334885431984192,0.1840496043298469,-0.7077023796980102,-0.6418770618295566,0.0029990166287536804,-0.0006221941672087515,0.000899283252303957,-0.003916089292563166,0.009524671409228533,0.004332316253638679,-0.014846085833763175,0.00438748437326762,-0.0013043166375225363,-0.646495864969804,0.3763333062305974,-0.00048196604807067343,-0.0008330582692148656,-0.00047785669496607343,0.0013103569940953199,0.06253566948422862,-5.4259975610281876e-05,0.007995213787157342,-0.005085384329809473,0.014667064483045292,-0.007623077548142214,1.8500752999498324,-0.4037823738063564,0.0028699123388392324,-0.014529133510823663,-0.0022252874400371754,0.007590152215229436,-0.08024111887651898,-0.2797746402738563,0.06723752980314363,-3.1084921315457343,-0.2656044747120543,0.0003781679029745818,0.0010359605753860707,-0.0018961476571296982,0.05717352574305572,0.03682462823670604,-0.002627628289750543,0.014446069485150835,0.0032481165600834264,-1.9549469622676763,-0.35625795910840763,-0.004152097357668796,0.0023293889539813305,-0.0013491085497572806,-0.00019643471989115634,0.013792946659676852,0.01710256862982301,0.011558180262645067,-0.0008384125888595871,-0.0039326804447037695,0.8718418114756123
AQ_Wine04-B01_R06.txt,AQ,0.002765533925750571,0.0024812736964411994,0.0012835948813718237,-0.43747579585214075,0.033590350802436275,-1.6613523968633306,-0.2673208702419778,-0.002100156415838569,-0.0033604917648166516,-0.000761864819260477,0.004886901143953359,-0.0021485881676533425,0.002855875595183341,0.0033468473496148943,0.0034597489781074174,0.003534092060913577,-1.1411746231182773,0.415604871848658,0.0014563578012014235,1.598720075287073e-05,0.001727673073667916,-0.002579999659089038,0.047251500210747505,-0.00884125635778607,-0.02392480005790585,-0.00030395164518123895,-0.0007457134737131896,0.0008641499097701928,1.0360331936531306,-0.3493913503727608,0.008607689592568323,0.005341796069867717,0.005858195182363543,-0.0022455375493416222,-0.09306600843370472,0.04453079977864077,-0.017045699600073454,-4.221170232048639,1.0637529040832971,0.003998658459404216,0.0007208906094560319,0.0010441200921851902,0.017565276575033248,-0.0021048257753755444,0.0027780434484157984,-0.0018779094485809984,-0.0026248132367452446,-2.0013815442181326,-0.6943287890146435,-0.00014390256734205507,-0.0016585843928671143,0.00018336126510944063,-0.0009558769130398835,-0.010537593835808995,0.004153976552303551,-0.00013145011287467572,0.0016954722466541142,-0.003763072193104458,0.460039381708095
AQ_Wine04-B01_R07.txt,AQ,0.0063201554408066525,0.0008092728667113572,-0.0008392286231204669,-0.4281313628428031,0.12438487573897944,-2.639341419158933,0.3515814132968593,0.0035093960264045475,0.0013582228870436482,0.0025967413986907797,0.009516490066581243,-0.025147954575523154,-0.005433479522421215,-0.0025294197183281485,-7.959228246225917e-05,-0.009134779215766563,-1.9400947593352806,0.23858113691449373,0.003102484512557442,-0.005717589732404206,-0.00023837149276451135,-0.0011421815184982135,-0.008074274612203745,0.014698622979754718,0.017040882834905284,0.003431278596085512,-0.008726052068772373,-0.011613273675644801,0.01978833088045917,-0.2620778518728788,0.0164475850050946,-0.007711329135219381,0.006895996354536264,-0.0009219631134237536,-0.12023206956592064,-0.055092302691286885,4.9702510834546965e-05,-5.022853921119708,2.103647882019562,0.005242229948409945,0.003937701156436354,-0.002095142015935045,0.024214618144801796,-0.007653755129278987,-0.0110146576728544,-0.005168456115459897,0.00043343544421021443,-2.451518067689382,-0.852977521559075,-0.0004825299595544782,0.004192151055482139,-0.004586355069960539,-0.0002745676640675699,-0.035054875102827315,-0.0013352802383740673,0.005571584749953056,-0.013149738855782668,-0.001061322246960202,-0.2004127852251063
AQ_Wine04-B01_R08.txt,AQ,0.0019161891059519156,0.005446424325359627,-0.000549047338338935,-0.37870170239692025,0.11958466497425817,-1.6339235217582377,-0.1697520828483663,-0.00043694835729415297,0.001351492365639628,0.0025046965938164386,0.02490188047282623,-0.020772442188875036,0.01737783437781995,-0.01670894213221049,-0.0015704712832196781,0.004795557129683116,-1.8909732849198124,-0.16793987626504037,-0.0026088615864339245,6.8257848693552e-05,-0.0004620271531408899,0.00155471318392288,0.01745592255145678,0.020506359150634743,-0.028036731020738462,-0.006221240785180573,-0.0011719991260555787,0.013522413327356889,-1.1826939788155086,-0.1709340884810917,-0.01747382777581315,-0.007343955674089852,-0.0018869326799849867,0.0003660558468335509,-0.03792808004087532,0.07019343600026148,-0.027801588540464512,-3.263384263924151,0.777625018362107,0.0012290551611583564,-0.0028367804073692864,-0.0003941668927767549,0.03495894855868805,0.004458438998672062,0.00010757438514311102,-0.004510486452943829,-0.008232842512682723,-1.6955519730224293,-0.363474053080745,-0.004621167234506765,0.0035781141392837563,-0.0032635057845541615,0.0010613762139396426,0.030211341630209013,0.008895460344065983,0.00874875612882164,-0.0025809432272169415,0.004379206120676143,-0.5651186413420817
AQ_Wine04-B01_R09.txt,AQ,0.005538248769248224,-0.0005815862596853542,-0.0010463481366616277,-0.39812675862626057,0.115931362497268,-2.029216344848945,-0.16199634135510976,-0.0011987145129265387,-0.002265377310725994,-0.002387434190555498,-0.00514518404199199,-0.0354177951209953,0.01566125067240717,0.005219093524074495,-0.0018066445169797425,-0.004918858655580886,-1.5273830120928222,-0.14459784462840997,-0.009287050441499422,0.008430234800234325,0.0015360207387818889,-0.001688472608830681,0.05241161251260139,-0.006641818241660944,0.01147997641653629,0.005680481928178868,0.008892287200275616,-0.0029556680015049184,-1.3976290519481052,-0.22486643280291996,0.02565566220932326,-0.004052358936288207,0.010325732675610844,0.00376739605699577,-0.043097184086106674,-0.039346547282818556,-0.020785103263259115,-3.274712896486598,0.6465656553444603,-0.005173756577781977,0.0008039389050145847,-0.0002807594285854424,-0.08982776640649603,-0.03157164567575149,-0.003592754352822544,0.0076987324151901225,0.0021910487721862625,-0.6043880355069824,-0.04290037059498797,-0.003086143789648332,0.005404065031240593,0.0025543730636318376,0.0003751988928786496,0.0015089485168680288,-0.002779882919059849,0.02695358058373628,-0.0010243610596686217,0.005479436432713856,-0.43829877178347987
HQ_Wine05-B01_R01.txt,HQ,-0.002801709564574052,-0.004730474708326118,-0.0011917686973416275,0.87147076943532,0.1635973293008654,1.2959633983567702,0.33366816987676895,-0.00908022715851059,0.0011483970955027869,0.001651761940439542,-0.021272546412512076,0.04179652874217521,-0.023202484902100227,-0.003933992525467395,0.004141267585175603,-0.006135564761972528,0.04124449488283499,0.29485940177682857,-0.008443676694704782,-0.0008053024724555437,0.0003773293341054281,0.0019324939229011244,-0.0491038366867484,0.011624691595335284,-0.020432239777825524,0.00030640955102066714,0.009689099953077245,-0.002514431312090095,0.8164937346298071,0.09996884558469321,0.02985204596134939,0.005372804694910569,-0.01068825006269049,-0.0008360595632881567,0.7374359487713721,0.15402862162066172,0.10231073762213834,3.8180173352116045,1.1730074847382044,-0.006852985379790318,-0.0003776918574231738,9.822630130570232e-05,-0.025377144154606762,0.028096091518151768,0.02764126087860895,-0.016817971958017305,0.0019223431921448434,1.601376514784822,-0.15076565174673062,0.011251037862709243,0.0012026414880778804,-0.00026760096325780837,-0.001316861906198931,-0.04527351520726728,0.016388938797695745,0.007411301278982784,0.00012211754086678683,0.00025788967065927114,1.9035649726141797
HQ_Wine05-B01_R02.txt,HQ,-0.0002687258050408439,0.0010008422517093856,0.0035652338248326684,0.37043289349144026,-0.024149753923510223,0.2707975310819881,0.42389418891576636,-0.0028182202339755817,4.8806405926611856e-05,-0.001103748452273799,-0.021047395546111305,0.010595759332341389,0.006917660204802955,0.001133138686175511,-0.004668549455459991,-0.00889137081129514,-0.8503852981923297,0.08500424557266034,0.001372513052437912,-0.0013918967497651691,-0.000297015081931386,-0.002017042754679487,-0.06303713544239894,0.01656828403932691,0.0028515652551883474,-0.005923185564362777,0.011946402031947122,0.0027819550094364005,-0.651301487389071,0.056180891535576594,-0.0030806625496925992,-0.0008746205198524058,-0.00037048074636628395,-0.001203601463479837,0.22796245976993815,-0.05554151516236479,-0.005667154707612081,2.737595389670129,0.6639187824586745,-0.0014373602516833026,-0.0006746723369934046,0.002128205838276429,-0.028059506504703846,0.008341096744474108,-0.008308997495507411,-0.008255538615345729,0.005515508065859991,0.4521653067725735,-0.029536358008676045,0.0031135080622752597,0.00044491143207675636,0.00209866631446399,0.0026444143794858654,-0.05008155967533499,0.0012490750743490119,-0.0038369495426348035,0.017275963840174546,-0.0063455422465103955,0.5836492116034666
HQ_Wine05-B01_R03.txt,HQ,-0.004408029989999127,-0.0019140479691651757,5.188204896998454e-05,0.5828609272415792,-0.09172101166550962,0.6990274600978799,0.4185004745891687,0.003467169201662292,-0.0005347964488223247,-0.0005133629497811279,-0.052735327605828865,0.003623356593393778,-5.392752721944394e-05,-0.007617481377558977,-0.005115486354880666,-0.0038571790093208875,-0.13884598313231145,0.2893295176184261,-0.006625824367560555,-0.0004751488924976165,0.00012349911897187852,0.0007611646755555778,-0.039016806349838666,-0.004254790357630317,-0.014420607355889483,9.43830405758777e-06,0.0035439077634060695,-0.0022263643591849433,0.2058264865592636,0.11280618390693431,0.00436134032383346,-0.0006176192419176954,-0.0016428187343546438,-0.0005851007006285911,0.4071331620935438,-0.16103346398309748,0.03476388913029971,3.160536483713302,0.9186341180728768,-0.006832921585724649,-0.00017711182125190495,0.0016815739453615005,-0.03841688346513304,-0.0003626130256236589,-0.0009314227288059465,-0.0005613288558542263,-0.006558217045534626,1.2711420313028414,-0.09033063331554314,0.0011532562225135146,-0.0025239748518966643,-0.00039924401281111647,0.0010010085174744564,-0.016993235383654055,-0.006067615701787908,-0.001061664770871374,0.013706751817953612,-0.003472445113677505,1.3957726307917433
HQ_Wine05-B01_R04.txt,HQ,-0.00845571689644802,0.002262553229343588,-0.0008037841330034358,0.39351298102092114,-0.0915811964434904,0.2967966998744531,0.45754560215837436,-0.003208618107001072,0.00025019848357273587,0.002049682066396066,-0.025171612457615525,0.0023119033578737225,0.008107413605184768,-0.0021568783826947067,-0.005258084021635291,-0.006209252446668389,-0.939704368784315,0.16722920678635245,-0.009455441055618815,0.006368733144575429,0.0009726567098929666,-0.0010291530648015436,-0.01248867962441725,0.008265222199048971,0.003034240296615155,0.0062398131013698885,0.0021810110122692096,0.002920272240777862,-0.5201079869699048,-0.02186712882712527,-0.015046464496012515,-0.012006105085148416,-0.0018058636410784178,0.0004082192247891218,0.29788617440181164,-0.19454785759133336,-0.023848382141846296,2.8120659433620174,0.8027899859398913,-0.008713333230978226,0.0014703655695700942,-0.0008320139661215896,-0.008880511088527339,0.016598508357682784,-0.007342064830671791,0.0002462663299766443,0.004706845789842692,0.5387336271918386,-0.07313403480003644,-0.0015818812150354663,-0.0003183605596610582,-0.0007069795735938883,-0.0006340030032903851,-0.03432178658778202,0.002949151174708618,0.002204343814224473,-0.010754640059197546,0.0013751409719886991,0.6950146165030633
HQ_Wine05-B01_R05.txt,HQ,-0.005098911684370707,0.0031731729192481413,0.0021206985389959614,0.43076302577074654,-0.08734960879390648,0.403642138608042,0.43273832108613686,-0.0007556284907298775,-8.550980301203328e-05,-0.0016912922688817572,-0.010961705297271106,-0.006093108670112171,-0.0031004602263726873,-0.002153885607774856,0.0005137598567273062,0.0005841299720861035,-0.7903159604592584,0.19568609322620983,0.0030445935787007067,-0.0018664050083407686,-0.0007385509390326597,0.0010734884009667386,-0.03914262385006078,0.00012068104568070236,-0.017049355009369653,0.005746766713143444,0.004130152196892001,-0.003986449482521445,-0.36540640379528444,-0.012045001792834853,-0.013563907983493603,0.0009414789476277808,-0.0019291331060103572,-0.004089966804873743,0.39017660051573677,-0.12807564857809056,-0.0036901720338280534,2.94139677151298,0.8693170055159261,-0.004665553925056591,-0.0010851130118466625,-0.00019762116505463742,0.0029871983363043628,0.004301524377646202,-0.004278294611306171,-0.0023419675396923684,-0.0015168746685785754,0.817488958885038,-0.057514710580126804,0.008621461522325726,0.002736832649734339,-0.0006639399492757153,0.003481562817232256,-0.023161340032585312,0.012226886856631106,0.00280546154773755,-0.003392399135330179,-0.004035487883343943,0.7538762028248533
HQ_Wine05-B01_R06.txt,HQ,0.0008609718005396462,-0.004648328372462441,-0.0014176127380884035,0.6681436711930567,-0.025102218784824257,1.1387702105037913,0.2890038249256808,-0.0060105082837095865,0.0010014562359807453,0.0011121299467918516,-0.01324239307274725,-0.0035706600763808286,-0.007755501053749933,0.00925926979418886,0.004141936252733248,-0.006901152331357841,-0.28398792884942914,0.16950434658997227,-0.018740995778355037,-0.0033862409011985242,-0.003424402232838177,-0.0031970389720731435,-0.06429199243579131,0.015295469746664358,-0.01162000643553416,-0.010650177890182709,-0.0046476379874452415,-0.009038172034119595,0.5216563784562416,0.08287482059192475,0.01612799005035816,0.01404890887766155,0.015681546069405545,-0.009916434813229746,0.31023847552505135,0.17826722365979278,0.05342832736970983,3.38978464186746,0.7908690412716872,-0.007001143732872577,-0.0011106248319399349,0.0023462164973057386,-0.024946290738857693,0.016251743420049806,-0.015868675393831383,-0.009028954038832988,-0.0020029109544161365,0.9105666389883424,-0.01683428501555473,0.005828505309888245,-0.004094889468915286,-0.0015167140746710943,0.001998444151712705,-0.034309657482283415,0.029601919672293524,-0.0022562947579746057,-0.0015955993831006207,-0.007640591476620609,0.9679528001264708
HQ_Wine05-B01_R07.txt,HQ,-0.0032381489787564072,-0.0032521741372494592,3.7575935479759064e-05,0.4983780361076281,-0.03590108736645063,0.5353518813248632,0.38832313312874955,-0.005510391055067304,-0.00047039555387339054,-0.00040304166389190546,0.00429559241314955,-0.002367070317036063,0.013083598054802107,-0.0033088147999593863,-0.0021086934946593716,7.571598582494128e-05,-0.6335314430396659,0.1366551266035334,-0.004258047227029512,0.0019583419839720203,0.00013315508130108488,-0.001495530203806085,-0.006127901103116798,0.004229254784905981,-0.005836056251433618,-0.016093766463183702,0.014562083429784484,-0.0014183559672901966,-0.22032235041513681,0.05998894645534092,-0.01936976021449739,0.0025324215341570983,-0.005903646939084393,-0.002771911733369714,0.3649563815923127,-0.13829788869076276,-0.026902750063510093,2.9719737719182495,0.8098795807152586,-0.006579324602828611,0.0017767243937995949,-0.0008203802449552684,0.0049919663160673255,0.009339631163079867,-0.013103082085045055,-0.014731871399655441,0.004306552326949528,0.8268082432150132,0.00013785536381138996,-0.001495874781688908,-0.006311859992531296,-0.0006083631487944045,-0.0007631563943700142,-0.005140185821205083,0.0021293598725576285,-0.022077886302329503,-0.00757431505272462,-0.00889580176649252,0.7347275363258374
HQ_Wine05-B01_R08.txt,HQ,0.005075129660677734,-0.000966429376763326,0.0031024638823976703,0.3344628158563663,-0.034019312969406426,0.25987774852329615,0.39118777480080524,0.0016211251446182561,0.0017629608637441305,0.002235507417220988,-0.023794166683842925,-0.006223445931974184,0.0023769097780159676,-0.012094314437970552,-0.0020366654493523565,-0.0021131092043013724,-1.0622500109608737,0.08298618947718295,-0.006876588036484621,0.0014980733603270236,0.002114108911148203,0.0006302600940901756,0.030677526852805413,-0.016458622368980602,-0.013464157201657887,0.00986424223331466,0.004866621829405107,-0.01546477457310175,-0.6410715994283476,-0.03850151992671291,-0.019635532220061994,0.003398684742255347,-0.004131473599730569,0.0016121585217975004,0.16939549924913372,-0.12367871516995117,0.056034496682284315,2.5905266176846,0.6010779041952894,-0.0006700853549068665,0.0011115100526147127,0.0006676313127588936,0.034531753292284986,0.0031163214998816604,-0.008433781566590675,0.00128157823530214,-0.005163871852496798,0.4739393296950949,-0.012920198666725335,0.002771310426442203,-0.001350836177030284,0.0010888739130068877,-0.0017506559303368913,-0.0642568541967886,-0.0008494789510886678,0.003411554918006765,0.015263467856827855,0.0007225627120827694,0.30495159813036965
HQ_Wine05-B01_R09.txt,HQ,-0.0036525439214671242,-0.0004401329836469093,-9.445678706106875e-05,0.5414209064085224,0.0017350394751533965,0.5781695268866249,0.40669558913271864,-0.0015272196111068917,0.0005054225205223798,-0.000821502528265582,-0.010422626214105363,-0.010627749596620776,0.015315721110553581,0.006346655082509799,-0.0006319765165836285,-0.005066648234075589,-0.5364132348937938,0.16537287609446671,0.0008482020723637055,0.00224211120046968,-0.0018097685997941467,-0.003034322679336587,0.04375399098486769,-0.014242738578475718,-0.0013726136253731482,0.0005378053099668297,0.0041359924265565035,-0.0069041665238369415,-0.1838505293775623,0.05336742467739586,0.03187815945142365,-0.0024159453610609672,0.002317255684460921,0.0038195060191009112,0.42717920655711117,-0.073074065050018,0.05004169704751564,3.016515669280694,0.8848597405941891,-0.009342186423681913,-0.003535651260525313,-0.0003449401327976876,0.003340455545681645,0.01589552800347185,0.0013571387652877537,-0.004615317094394836,-0.006543351216261229,0.6673122037737151,-0.12489152025688033,0.0010633399183902611,-0.003095716463239644,0.003170291157146422,-0.0005190313338931133,-0.015045102879336197,0.021662426052413294,0.014659131589003133,0.006090298556860054,0.006101545020999337,1.031449234852433
HQ_Wine05-B01_R10.txt,HQ,-0.006613642343211249,-0.0009265209706538591,0.0021998941406691846,0.5032441708872838,-0.05179487001378093,0.5300228720118403,0.4193888469215379,-0.006178690587297656,0.0006848773039782732,0.0008857011464303569,0.015243555493311328,-0.012169209734680185,-0.0002857720683666007,-0.0017123146090277427,0.009230246171713372,0.004614634990721407,-0.571813254646921,0.14694657604688738,-0.007834388024395475,0.001837069933626152,0.0004420087450481617,0.0022377165033342144,0.06299816600211616,-0.001110986708425795,0.0017503530476228168,-0.012830075011055295,-0.010287079458371437,-0.0046732759347053445,-0.3012714474874185,0.013482326523707178,0.020657288083100096,0.00039781864963916167,-0.0020183314287260667,0.0016724758689861585,0.36251583748215077,-0.06556687587112837,0.03573592835642911,2.927683852003301,0.8340690510515936,0.00324630917101777,0.0020108551839534325,-0.0006643938940341399,0.019262291886805016,-0.005148267293860238,-0.012521050906970204,-0.0036881702118280024,-0.0013527365121317604,0.5855626518435191,-0.08597817147984288,-0.0046014821826279514,0.004176960919015927,-0.00099373503254335,-0.001543625653868637,0.025165345627347423,-0.014071480310843522,0.0004912600545828845,-0.008672300412687399,0.004766805655383007,0.8914816371779501
HQ_Wine06-B01_R01.txt,HQ,0.004884640660744008,0.0007479984116877212,-0.0018814306668584655,0.6816127529139516,0.22754475408850705,0.9414994813485258,0.35942835701612896,-0.006369412735759384,-0.0013832961479080471,-0.0017051838948588904,-0.02431483784753901,0.036055654488923616,-0.023612361079813005,-0.00682620219865215,0.006932443322220271,0.0020082976252913057,-0.41658554397295333,0.3084545992162403,-0.007894900664585222,-0.0008132105140943839,-0.00240414765258274,-0.0001579748085630889,-0.03170789350170921,0.025918591820921752,-0.022522965149886928,0.0023162885225256648,0.0005655904858446648,0.010372867486189843,-0.033071083597469464,0.010576515353643234,0.05098365266731181,-0.0014129321502769476,-0.008791078918857394,-0.006289303960143623,0.7146999103258836,0.6304491102925266,0.030389795541883802,3.6071289037996754,1.1235625219390153,-0.0052791990454951815,-0.0004872819253781847,-0.0007751108281368392,-0.05471529016119024,0.027355993752802114,0.027357680953218333,0.01593895366591624,-0.004337828216776965,1.399326673473043,-0.0366963467787873,0.009310340692158062,-0.0025802770150987506,-0.001053121367228051,8.16512759611982e-05,-0.05311004789332746,0.011950817120606456,0.012547559527486884,0.019701354109555397,0.006873074026656927,1.2519087883685858
HQ_Wine06-B01_R02.txt,HQ,0.0010380669260716263,0.0019096967251356954,-0.00027944229427003886,0.7971326371519988,-0.007753134259718811,1.0841941999635667,0.4181661036518518,-0.002764762229980686,0.0007866347877498624,0.0007650278810571275,-0.034058780651401714,0.009017215409916778,-0.012023304409265207,-0.0032780340388519832,-0.0006488240993678699,0.0010081481127461756,0.46027743242054253,0.43631094868867565,-0.005002371274873238,0.0037949419073914333,0.0013454348070953976,0.00018583678981825115,-0.02134334118940081,0.0020628166609866477,0.0029443666252456525,0.00031422985322191073,0.011658545400418613,-0.0006205964875705783,0.8547035238919314,0.16107277806797438,-0.026678945156172976,0.002563775639228292,-0.005603583049717253,0.0013664483649315517,0.811353482613051,-0.03633797520722008,-0.022428852930293352,3.6240653781902834,1.2492422895875421,-0.006592235971546009,0.0011348533088312875,-0.0004640449295626991,-0.0460787124568445,-0.0013605698283548542,0.010508775765404,-0.009718019861527583,0.0059608994536450135,2.039759151326601,-0.2239160691943114,-2.491301398998679e-05,-0.0009233245745407259,-0.0005570421017389778,-0.00068241469073526,-0.03891882777743323,-0.0006156006595517951,0.005972321405408867,0.021960798373374203,-0.009388214176784627,1.9679344214571781
HQ_Wine06-B01_R03.txt,HQ,-0.003724806452311817,0.0010586279236907382,0.0007008316253881294,0.1621718576394543,-0.04939559881006743,-0.3507148380864553,0.6472637077840675,-0.0035509662092330137,0.0007481074471212713,0.0010706076216466889,-0.03983455116478556,-0.004064179669799979,-0.011362774372185528,-0.006576809543302362,0.001907463172662314,0.0027019264008841717,-2.36019441424293,0.2901341119635775,0.007184878798028032,-0.004568406924698539,3.871438926667447e-05,0.001277223179684558,-0.03174245659880948,-0.010003279925577578,-0.012313403310740831,-0.004883344331495044,0.004037355097928972,0.0045234554843740366,-1.6825145885279853,-0.4169613574854867,0.00427438143616322,-0.006115031375946577,0.005439546087949466,0.0011523543841120412,0.11794245215146607,-0.18306447124080638,-0.007846121496678638,2.101547068697445,0.6777858431095698,-0.003146808068307864,-0.0008785564972422701,0.0006605836550667354,-0.05051093135544542,0.0005086647485078137,-0.00027531336705676184,0.002210894733450113,0.0024312380857681756,-1.0651537603833328,-0.40950182090729537,0.001980576930758707,-0.002677647519962532,-0.00016829973101976443,0.0007543507340472763,-0.035337911577640865,0.01163207013937221,-0.010828157908826411,0.005349046532530768,-0.004373253225058791,-0.5638180456382389
HQ_Wine06-B01_R04.txt,HQ,0.005401740179357531,-0.0002037571901889336,-0.0015229267304033393,0.41826918143491565,0.004096668497524117,0.2926561012304729,0.5220069437736754,-0.0037128622363234356,0.0029254596904974644,0.00038337109347772553,-0.01928878831101339,-0.0005162915543992803,0.004397444821779551,-0.0028460786765492664,0.0038277286736908855,0.01328042140035089,-1.666296764371027,0.3148509418556334,-0.00682760706477179,-0.005824814399810381,-0.0020991368841620406,-0.0011453583868358485,-0.03208332652926225,0.00938544708472257,0.002564301446861995,0.0029000796345924444,-0.007287838139411857,-0.009792057780772388,-1.022183111682387,-0.2242384914422424,-0.010440158118791482,-0.005346447914969555,-0.0006622303114649206,0.0004309661532530854,0.3203708953125288,0.02108307476921588,0.005243753169645603,2.7728569541940216,0.8795105102819774,-0.011538277874029317,0.002934891202197433,0.0004990683915436769,-0.031478147677758084,0.014032702412264023,-0.0030961856372041458,0.0011870445424532715,-0.006534425831112667,-0.15802220702223835,-0.2812890188030803,0.0004655163099590451,0.0017102003937747858,-0.0023929807723200923,-0.002803306395854906,-0.00694611384095133,0.010538230715435972,-0.003665953190997293,-0.00794694004260499,0.005976781375022682,0.06538865830166962
HQ_Wine06-B01_R05.txt,HQ,0.0009340155387844579,0.005083016254624035,-0.0022463977102485442,0.4615285124069646,-0.02686974448150241,0.20279222186271006,0.6079568184782413,-0.0069551076396233424,-0.0019136058065286616,-0.0022960774496302502,-0.01246984399576917,0.010136014897662781,0.008076152377469791,-0.013068013425318409,0.0007926944513316726,-0.00029196506101066564,-1.9200727189854954,0.32535909989083484,-0.01737776570960489,0.0013662666847836745,0.00181766778779988,-0.003020114478638152,-0.03996731978776819,-0.0016749085902583918,-0.013360975787341947,-0.014463852698547247,-0.0016446367468575308,-0.004374742105068883,-1.1865477892829208,-0.3077382270043074,0.002201297604676824,-0.0034451988336796496,0.00771900868367712,0.002611400921448019,0.31351995178281644,-0.16798132846096153,-0.004028064718632561,2.6150228137988725,0.8843566774225904,-0.0020968885244229893,-0.0017771419437559509,0.0017040184397637938,-0.019677068875595866,0.0037041072926685716,-0.00316145962724125,-0.011516184237585082,-0.009332904891502031,-0.6370001933815823,-0.3859961305285182,0.0036273964962947325,0.0010895409849205435,0.0026787896216085858,-0.00039130212752101865,-0.040841866185487005,0.020207581226435456,0.00044014670605345765,0.015057369979541359,-0.007609444961242012,-0.1161466458154572
HQ_Wine06-B01_R06.txt,HQ,0.00029439604552110657,-0.0022704618644552132,-0.00010862704315074521,0.252353383312666,-0.021126193288685577,0.06272092446601096,0.41448934522743475,-0.0062243952822607735,-0.0005978693311408168,-0.0008755667831761596,-0.04483020902547117,-0.004215359892924615,0.01663885132500406,0.0010828219667507032,-0.002203041420402772,0.0020034743415121414,-1.663492486784801,0.12452563621198048,-0.005464252600863709,0.0013728613717103834,0.0019537742080590267,0.0010482550563306469,-0.03216992386034501,0.029301589795534613,0.00036811337266334484,-0.006793538695747118,-0.0041565453517307255,0.00241334847749793,-0.9974736023134971,-0.1876535820907228,0.003417838906760867,-0.0017935674013896123,-0.004367731951100127,0.00663469183883011,0.18029580435037582,-0.152421183805398,0.009334557400151492,2.5093169606876637,0.5993375945402173,-0.006936779998359076,0.0020957330808941323,0.00048809833738788327,-0.010479251158972108,0.020662679421983837,-0.009851640830028567,0.006675805054700465,-0.0013272629590699065,-0.4072136429892703,-0.16342590497385712,0.0027087641898581806,-0.0012533191188954414,0.0006106588169776065,-0.0036500737097252523,0.003927873571468263,-0.0012887865350667453,-0.010513772158533132,-0.002927248074011336,-0.007475282407538287,-0.0038987915414359087
HQ_Wine06-B01_R07.txt,HQ,0.0037097829934564707,-0.001230196609496935,0.00011433908565731921,0.35014450119487384,-0.031352938877393724,0.1669390165714324,0.49084929714448755,-0.0008483543390810277,-0.002694577708369585,-0.0006954809856702613,-0.026056687503048785,0.0019283723134825865,-0.008644033821365311,-0.01591771620179324,0.0023414770588198897,0.01023050100086489,-1.775159118456331,0.24865284987511171,0.015837024738504783,-0.00012375200610925183,-0.0005624613539275806,-0.0028718731896999966,0.01151912040246817,-0.009724935078494706,-0.018723040481764763,-0.015250159812554776,0.013879662981375879,0.003406218463414541,-1.0418339544486437,-0.2532230504976678,0.0161370252157565,-0.010187814054575462,-0.0026904722631409346,-0.007680619596051263,0.2968433530976451,-0.07686768416432206,0.039735798738394196,2.6555804560421246,0.8135891664295691,-0.011543379846193741,0.0005427269005923749,0.002370368049864672,-0.028349453048785334,0.020358464037373198,0.0029192123613841665,0.00445437803243101,-0.014661895640989681,-0.24276150254709172,-0.2229853411351559,-0.0157986329738238,-0.0034958916875834707,-0.00014676909014246233,0.001342150636440644,0.027061314378496154,-0.007165204403064549,0.017037535111394473,-0.005621385235497031,0.019118180103032855,0.0341833933115101
HQ_Wine06-B01_R08.txt,HQ,-0.0004736825006313545,0.0014593269592421529,-0.00031930795871856613,0.4288764806432602,-0.032238065559464193,0.37619288692517916,0.46356336888235994,0.0014389906747939833,0.00196570195133889,-0.0007318218383404845,0.0037178802765681605,0.004563594720425177,0.012476407639693007,-0.009950263031464868,-0.00851954695314934,-0.0005325653495516095,-1.443725763765765,0.2907649825324407,0.003383046641108153,0.004355870753051474,0.001752264624239505,0.0031389601175897727,0.04054355311112037,0.01482464406948891,0.010272765083635619,0.006219615231274544,0.020738918108071557,-0.002630955826457862,-0.7548076312186573,-0.17793208396003757,0.011028982975085477,-0.008127758205937835,0.0008418154517638458,0.0013904741706722789,0.31239471845314126,-0.10457769088632528,-0.03449274386377486,2.793204198947671,0.8317153086853439,-0.001399273476448467,-0.002251566393808676,-0.0013951595868534074,0.02045245095614049,0.014140855956687778,-0.0009765422561995153,-0.0036457119932246937,-0.0078854893009477,0.18314812522214563,-0.17952111941446303,0.00031183453060666753,-0.002765251824947787,0.00294244650990055,0.002339691231313618,0.002438102006080353,0.01887012027699342,-0.008391907006837049,0.01655380242711794,-0.00911244590952805,0.25929831995346797
HQ_Wine06-B01_R09.txt,HQ,0.0018028647251501612,0.004254792669843829,0.0035201318512016614,0.3160764621671127,0.0070891013276211945,0.08663478711243666,0.4935401606301504,-0.0028704318956162007,0.004139597687800424,0.0026216316881566043,-0.0027174155313567233,0.005501999739485413,0.009295340728581906,-0.015804601935286273,-0.006469163818727599,-0.002620686241308002,-1.970357665115892,0.18368865595236694,0.0021168956723298395,0.0011058812497810214,-0.0013596465854771303,0.0007112863701112272,0.05827543887708003,-0.011914461200894988,0.0021850060113887326,0.008163630953840088,-0.0039379736599228915,-0.009112247918250044,-1.2097917724112546,-0.26802288567038746,0.008629240085195632,-0.00233355944936904,-0.0029134769520778136,-0.004410834164926397,0.21661477914759256,-0.16947959797267304,-0.024436364345059684,2.462026530666731,0.6915645879662877,-0.0035877012163518756,0.0027966133024664996,0.0012573744371407118,0.02507420280954944,0.010063765589383409,0.0054945622159105895,-0.01221956992358273,-0.0010429878340278609,-0.380057425556819,-0.17111316671337007,-0.007278380821345985,0.0011351552675375634,-0.003429680505300843,0.0002924034417895146,-0.017543442878246496,0.001515401825757801,0.011610429503729952,0.012184480905638931,0.01698949458421563,-0.1702158712913837
HQ_Wine06-B01_R10.txt,HQ,-0.001419604862473038,-0.0030685125503473114,-2.2171775907569994e-05,0.35617840317037686,-0.032098937562510574,0.14042324952854557,0.5154637622199187,0.007660322103294376,-0.003351975339059955,0.0009229843428514125,-0.01068311864235235,0.006744191069692833,-0.0056248633164117864,-0.02044316209129165,-0.007094777757551718,-0.014211643059802397,-2.0607297762924675,0.30184513587091405,0.0016505582184858543,0.0015174646137120409,-0.0034803925865510314,-0.0009384357640984802,-0.015513974740903276,0.013571637065469096,0.00500225837350632,0.00451245938362857,-0.005609213810403645,0.008883778381681895,-1.1821026111830504,-0.3236674274541962,0.0077504623695662,0.0017958070279126322,-0.004808176030528482,0.000447552447654814,0.29951742957158145,-0.07217655426998919,-0.007866952526784515,2.616855777821356,0.8405486871515571,-0.00894615460696811,0.001657450038431273,-0.0005254125622935436,0.02131418735567647,0.034680733345884854,-0.007773655516688542,0.0018952115791370417,-0.0006271437314225399,-0.7888968318984997,-0.4368958790925479,0.009380900545562489,0.0017221837812356432,0.0015660828826377427,-0.0006593256728823181,0.006874583183570508,0.005127634391480059,0.005637738024637691,0.007166829511996799,-0.002752674350183055,-0.05403196626344631
HQ_Wine07-B01_R01.txt,HQ,0.0006797425164693401,0.004702026734755781,-0.002410104363907248,0.19692999237122633,0.005472914642274548,0.0495786375009315,0.2006522267952322,-0.0020576964552665965,1.0904739453270157e-05,-0.001991132309173962,-0.0004865144430569457,-0.000738780543994828,0.006174844570161611,-0.007497990227368157,-0.001766329115414171,-0.004317307239455211,-0.9994114681857491,-0.2748875433414989,7.340068942535876e-05,-0.004623366648151168,0.002789824781226238,-0.0010493111071714725,-0.010671451144264398,0.018101502866880788,-0.023794323484841978,-0.0048383563518069935,-0.016525248585876142,-0.002633018288626856,-0.6338885414838411,0.06437423614612658,0.020841447212596564,0.005858987526840543,-0.0002513061750441524,-0.006888395790393038,0.11085714544040068,-0.07659293798653342,-0.0038183991184094403,2.442958513673953,0.22319421790088434,-0.005227705836867842,0.0022033151555780426,-0.0001517865349097131,0.004811555628527565,0.0065070659163964945,0.0014899580054087373,0.0071239742878539914,-0.004980027580089284,0.2658138892638018,0.36713037340937427,-0.0005987893010380072,0.007109462456553734,-0.0018778008117484887,0.00020232686470435365,-0.03055815216042343,0.0005194603484856807,0.004040689183021299,0.006546736215525229,0.004135856705064878,0.029569812624456127
HQ_Wine07-B01_R02.txt,HQ,-0.005783656590393378,0.0014431912207480933,-0.004860193235118634,0.4101053778892648,-0.07144737782907969,0.4658151283557128,0.3825226037779439,-0.0011609944807350753,-0.0002824954735862796,-0.0007281706087690307,-0.008664690390743711,-0.016451223675695348,-0.016847895503156175,-0.0019584567903294806,-0.0020531788866398606,0.004282808157744738,-0.9803192878746696,0.1486887829233004,0.01176410513138454,0.0026853693596544216,-0.0035023635592251008,-0.004262810188306084,-0.08715719515049433,0.006885696830827042,-0.0014699815077435906,-0.009909586935201624,0.01733898767058632,0.00012986326945678742,-0.5346966740696728,0.011132089595220274,0.0015601301189899323,0.013766192178624289,-0.0026818019710003506,-0.0044321817329354175,0.2004275284315921,-0.20569478179586936,0.011766103199095122,2.73362986509074,0.6704055873059218,-0.00623550645032764,0.004398738667968378,-0.0011886338679234119,0.018702034544740165,-0.006167561242156278,-0.004440078851773923,-0.009912795463265789,0.0003106508587479536,0.36509916641404416,-0.08008703396335526,0.005963104869473011,0.0018068083080630298,-0.0014087345698254575,0.0006583532809540335,-0.028718058023762295,-0.009073803446437621,0.021260548445983556,0.009775102505400514,0.011179332283939802,0.4071902190381498
HQ_Wine07-B01_R03.txt,HQ,-0.0002090174912227549,-0.001152229489745024,0.0029446149064974707,0.3489819491707674,-0.053708458365001724,0.2400701450397058,0.4159982517613372,-0.0008392388349392473,3.9452694421653685e-05,-0.002247328460805518,-0.03150592395848476,-0.012217791029930458,0.0024820887751409657,-0.018440728191762814,0.0004211246223890684,0.004804882189855506,-1.2781448842703869,0.11487516403224779,-0.008607928672532591,0.0009386354065563084,-0.002318646165988507,-0.0015144713330128242,-0.045074416131177956,0.0006282201914094626,-0.02036630927315171,0.0064847513735537664,-0.003499728172205422,-0.0071106873071984525,-0.798492854465743,-0.08056981497639448,0.01606219839083452,0.012399083042009842,0.010592776335879576,-0.001872089553395666,0.2302696560292549,-0.2254394050450479,0.021264447183612655,2.6089827956066847,0.7041274197076293,-0.002253129930564933,0.0007447136395167338,-0.0006988746805133331,-0.0015439124080076014,0.0038705557051418506,0.004747926857636809,0.006869951124525447,-0.003405117218212923,0.2461559353216547,-0.03913563552905286,0.004373097097793649,-0.0014622327833792449,0.00023122582584638671,0.0024161278040578387,-0.009607426505142133,0.0008034536144864912,0.008376780568284746,-0.007415182355175069,-0.0013106533405466594,0.2641871543737073
HQ_Wine07-B01_R04.txt,HQ,-0.003699022810862101,-0.0010086001805849588,0.0033541607640700946,0.053627214439636084,-0.053018455158650016,-0.33192417291104004,0.29705964405056573,0.0050219861915740535,0.0022352405194890055,0.0026807074715338433,-0.025490919017325184,-0.004039927611818305,0.000990781921452983,-0.008991891586230377,0.0018248113792828577,-0.007831042835694949,-1.5462102878802995,-0.1324480025556689,-0.003556059831298918,0.006469159887807915,0.0030597658339767,0.0006621711474822302,0.023003519471553782,0.0017299708357547319,0.00939640527916594,0.0012563122242840582,0.006899016525226039,-0.005694026553782194,-1.2239331992100233,-0.11276762909932248,-0.0011220922975173978,-0.004580020043453814,0.004374084676608372,0.0033458740851979047,0.04953831721278279,-0.2089343263385074,-0.027502758898031134,2.024292593715189,0.22856834012829985,0.004716004415379985,0.0024162129383007106,0.00045448706027129045,0.03909596654005955,0.004630344586996909,-0.0030187295902640017,0.0060987105665261205,0.014969764827223103,-0.5392881088059989,0.0016820923157363499,-0.008950781250177009,0.002517729937011365,0.002030621284686269,0.0030130736128032016,-0.00665402158928655,0.006889572324218568,0.0031456520208402224,-0.01689393946310901,0.005795479899078038,-0.28452208058053374
HQ_Wine07-B01_R05.txt,HQ,0.017908647759595032,-0.00414510357751306,0.00018186845538638774,0.20901581366705002,-0.0445205326527542,0.12129891166641826,0.3441603412029206,0.0031199093753836735,0.001029521300529023,-0.001497760598741198,0.012772769619873836,-0.007563379298403897,0.002779855441119663,-0.01104599600468678,0.017154685301349448,0.0016410386167607953,-1.3352378733716446,0.06649748286916457,0.0038745147296669396,0.003126004814450194,0.001758400649916358,-0.0004568963021186457,0.027702062718424625,-0.014678591883284119,-0.015565230219344939,0.010741776711975213,-0.008326669620756129,0.00993753443882756,-0.8453587951794845,-0.07889915092866295,0.010096599845831996,-0.004972232772921267,-0.0011577452659021106,-0.003938737162028506,0.10227923245803852,-0.07601624726290525,0.04884150487960817,2.330550957262603,0.42634099371819545,-0.003275071761951316,0.003601567241510466,7.418307756314863e-05,0.040480246158276605,0.002709109099596924,0.00010767725323031566,0.005253451849197925,-0.007608107675899612,-0.12625498733393137,-0.02701984798483159,-0.002427862856270256,-0.002130665932339069,0.0008456819439883914,0.0007516957255817538,-0.0016569153261639553,0.017397181979345096,0.0032213109155694534,-0.007598912152319046,-0.0010181946880129073,-0.02317917210660747
HQ_Wine07-B01_R06.txt,HQ,0.011029625342097536,-0.00394485915559573,-0.0026496728963994395,1.1019814848499445,0.1487733016266375,1.4310906508517238,0.42718146482568375,-0.006247704653575023,1.1802040792979339e-05,-0.00249279245121733,-0.06187820659455664,0.04318287856101754,-0.012498490034478952,-0.00881911641482391,-0.005913788522607401,0.0033300154073961363,-0.4429064830274996,0.4912214308641088,0.0002717619992671675,-0.0006989065427482277,-0.0008305745670633123,-0.0024692650524412245,-0.06687958928288207,0.019142312979859306,-0.01254341546377045,0.0044294137621826435,-0.007252684269363199,-0.0008197947961403816,0.5887260527060576,0.03631816730365722,-0.013893749688668439,-0.018497853544372646,0.0015289512613069264,-0.0002877054188671264,0.9961724276136258,0.17251120222325034,-0.005113915455714529,3.903191168045484,1.3388143100095835,-0.0118804587405907,-0.001341870945200236,0.002168216010052257,-0.05610639350136258,0.03295123908475929,0.022005447690175636,-0.010572429910714082,-0.0035220667185909744,1.1897829291660278,-0.333700155751002,0.01081822371564,-0.002464275077964945,-0.0008826606563171655,0.0003459165539401029,-0.04274686255056068,0.006966169654678645,0.0034962800398303804,0.0028753029094377796,-0.005609785287423328,1.764343083262725
HQ_Wine07-B01_R07.txt,HQ,-0.010263404110909207,-0.001316136462776915,-0.0007526409915273706,0.4993143968918242,-0.02974347947300189,0.5378327435983135,0.41033668299496995,-0.00847834218015598,-0.002960834654159012,0.0009953375076453767,-0.03755894428999127,-0.004640151105866738,-0.007127748761204786,0.0026446883917509156,0.012014284923745585,0.0022180534913147773,-1.0027192541867347,0.24698830123965648,-0.00868210675902498,-0.0009345323396896021,0.0004058864241797536,0.0001406946363655125,-0.029145353859454014,0.007349376385487822,-0.013592620199298676,-0.0002607192738851038,-0.009757838077130756,-0.004034290800069321,-0.44767269199922133,0.027013515748485428,-0.03062348713441487,-0.013564050960955618,-0.00027329248163799637,-0.0030101422122459274,0.5433338007862406,-0.1687526408427391,-0.026031399015663422,3.146546379640127,1.032069112621448,-0.008564565786225994,-0.003032467969028512,-0.0009495230870942581,-0.02594185777257406,-0.0032251562382258365,-0.007744086512290219,-0.010264033416988078,-0.011740504419729469,0.6953222732821862,-0.17984036343271192,0.008394813183248057,0.0004176902478189934,0.00037615416299907666,-0.001823102423281947,-0.03749158872238606,0.0018027201150694625,-0.004542174263992918,0.01497668845271439,0.0003960197369078564,0.943848867577934
HQ_Wine07-B01_R08.txt,HQ,-0.013131731409249276,0.0027827852525766266,0.0006001577766724931,0.26221883514409894,-0.08630293222494433,0.18963252180343293,0.3758099226705225,-0.006993414737777547,0.0017192802420245633,-0.0008796819527697052,-0.06400791197783184,-0.006795675841734952,-0.003638261639080039,2.979819929138823e-05,-9.343984714713528e-05,-0.003023029435199144,-1.4541394692160692,0.10376519149327956,-0.003345595152274964,-0.0010962075227317052,-0.0023820889102953886,0.0006422006547822868,-0.054754924329559036,-0.002082589992321566,-0.005124831988855591,0.005252123030379726,0.0004113514165054624,-0.006609758022605441,-0.9566935846999494,-0.06750897841156966,-0.020919369742799985,-0.0011557960749319952,0.000589093521892474,0.00048271892788128616,0.18065485929599404,-0.1653584601319235,0.017026102012195107,2.627742517961944,0.6436629752348431,-0.010707086222685087,0.0008676109966592504,6.872522936015078e-05,-0.028907412205927643,0.002557051048041289,-0.003145050922170361,-0.0037495205193793,-0.001959892182106547,-0.07118869163058239,-0.10939891834774307,-0.0003017999445232252,-0.002174650356304448,-0.0008976317304814048,-0.0001836076568798021,-0.038601487249310125,0.00716628304479696,-0.009517470642133801,0.006637885894108348,-0.00565561699176438,0.16403681248568036
HQ_Wine07-B01_R09.txt,HQ,0.00586948580098223,-0.0004031504286639242,-0.00011825660170439254,0.23385759248220028,0.004342592702385309,0.08851363283266256,0.37060080360661996,-0.0004243211063779044,-0.0007578835342683472,-0.0027537480201079993,-0.02084423047275919,-0.013628267289188735,0.002613076565561836,0.00026619430673838554,0.0010718824445891265,0.001103147971541288,-1.3220986975772062,-0.00478715729938084,-0.006561540373710989,-0.0006842347461190127,-0.0010185648688585277,-0.00019950487309259842,-0.037765541111061625,0.005209435883252554,-0.012754197579966922,-0.0030920210798661514,-0.001577982980551822,-0.008544749251343834,-1.0022165600252366,-0.054656349170303375,-0.005036987865077127,-0.00142703223700867,-0.0019641022927402614,-0.0006452258213359326,0.1258649176853573,-0.14747781464994292,0.027016136544498918,2.3902419283489236,0.47425476557973045,-0.008239365525951472,0.0022627248136818166,-0.001214894033641533,0.010852751123743409,0.01037398770991853,-0.010127913279660311,-0.00463027846475241,0.0008186031600508987,0.244073457469141,0.05830056114218363,0.001984577408438422,0.000434164127805558,-0.0010152979165369326,-0.00047034677551380645,-0.024789445860783008,0.003723084308478766,-0.006267791167295803,-0.0007498544038310241,0.0013010730271845027,0.04720166384523106
HQ_Wine07-B01_R10.txt,HQ,0.01132413845057445,0.003788283069362594,0.0020734108297360936,1.3042182312549686,0.2052594333759366,1.6593637942268469,0.44195447753807837,-0.005461578802441417,-0.0006363996852786048,-0.0009577926256907635,-0.032926987496365974,0.010302986731667045,0.015833184522118113,0.008247411543354578,-0.000137809978157921,-0.006314804495147808,0.04567497708256507,0.4513227112126804,-0.01571350372442833,0.0013601993458380928,-0.0008208284367346738,0.0025170815216848563,-0.03835697090876334,0.022052706012115196,0.0012335560745621778,-0.004202988012588723,0.011637397005567627,-0.0061111160143133645,1.105836941720015,-0.03280596670110203,0.035149488543508016,-0.04828062872790792,-0.012661098549801653,0.012305747216906582,1.035187169317034,0.19646281918222352,-0.1089080778808182,4.017038207329763,1.3664104920318216,-0.015578682982994967,-0.00484706287962525,-0.0007659850118769056,-0.037220291453759075,0.026989776086151725,-0.008077794293539314,0.010094641390521648,0.0004774164777821004,1.7755397968764033,-0.27586724341115887,0.016386927856690995,-0.0037464951049088345,0.0030100540294043885,-0.0011051379723637257,-0.05563286524532931,0.00712856076292811,-0.012799407683912415,0.004086627461450677,0.00218902443604593,1.8918312268086774
HQ_Wine08-B01_R01.txt,HQ,0.0023100172687839124,-0.005885364261170443,0.005174918546425457,0.9066501553278031,0.10769361054420654,1.5419939498181083,0.3369057418848387,-0.0024017952961387966,0.00034637139028433994,-0.00011293545191276474,-0.046689036882430514,-0.00040319045404522795,-0.0033482609161594665,0.004606645045737667,-0.0036465550669096828,-0.010376700850968257,-0.6600899536326592,0.29659953984759296,0.005463693688412532,0.002649274694788002,-0.002251800787682018,-0.0009467456219791316,-0.03763913985238616,0.006515537966618842,0.006991946216449552,0.01366199587314228,0.012332483042186143,0.0010332430884939937,1.7526218629574712,-0.3395229932843773,0.031514783143031556,0.014308740036523807,-0.016677905980176943,0.0038149937100866293,0.3765243468917041,0.12185093784139003,0.05680293257812259,3.7199280424193786,0.9677116570080049,-0.007471490387749697,1.5818522705052327e-05,-0.00043557367013491384,-0.026528316749329442,0.00765214344232307,-0.004419313454064877,-0.002755029830080832,-0.0025684049308017706,0.8045631283179269,-0.22737068992782739,0.007510933868480769,-0.005767566162632844,0.0015878495688529783,0.002032346938581948,-0.07194954150694431,0.019371979203184037,-0.01222521878976679,0.011695670814568324,-0.0007002484977637878,2.247358259145951
HQ_Wine08-B01_R02.txt,HQ,-0.005719507048455986,-0.0006863808770991614,0.0036241086909971788,0.410355640021966,-0.05187923017281533,0.5076316630671522,0.3677677437218856,0.004853730811924667,0.0010644298970600274,0.0007290167963618863,-0.01769907149856722,0.006996574384298718,-0.0060110573553650085,-0.01321987670629859,0.0026516254907888023,-0.0016977440629075114,-0.9791453311959488,0.2909697825920817,0.014620651896943043,-0.005477184352836932,0.000999018246057129,0.002958713002381364,-0.026927944201606414,-0.021310691516069423,0.015080308965707992,-0.012347254064847726,0.0094583661583007,-0.0036310538039343735,1.071444776926393,-0.2852640218472118,-0.015678885938116956,0.01749702361784538,-0.0019540811232882553,0.00647436286263485,0.22795281611174265,0.08190782193318838,0.056761229681517936,2.7346184248940544,0.6142500011806256,0.009738969169922743,-0.001441044710859511,-0.0011655950064830807,-0.025477491468194904,-0.009472872749906302,0.0046136207591608875,0.0010502977107022995,0.0069462422405589305,0.40784480703520654,-0.26699068554518135,0.0056400122301068535,0.0005697096115753079,0.0003880580495681758,0.0031340695535335126,-0.055076739221543915,0.014197475985388733,0.005202086429183078,0.0027131689280099716,-0.0028026311972406733,1.8795791830179986
HQ_Wine08-B01_R03.txt,HQ,0.005226718760134694,-0.004531698781783309,0.0003666530114177398,0.44333321666597725,-0.07961376704857982,0.5897597690765268,0.3707490188733784,-0.005129294164238119,-0.00020423555703155222,-0.00016827696052373284,-0.020600516778848617,0.0005208858691895645,0.010128607831804089,-0.0030609769265699137,0.007439006128507558,-4.394088261069039e-06,-0.7900171824202484,0.299901672023953,0.014550066930088156,0.00712609004272599,0.0018255716341925936,-0.004124102180480063,-0.00014914113365993575,0.01465339518181589,-0.010100524679817126,0.01179418836993363,0.0048027969581692885,0.007002025534253731,1.4895391378341598,-0.4065000163907675,-0.017918842411539494,-0.008607223777696401,0.007704646259160212,0.002957837410477479,0.07291374807364684,-0.1887275144290969,0.014472731867805465,2.6178327383797173,0.4599253154020859,0.005855242819682355,-0.0018016683938337375,-0.002204962677887619,-0.007346486512023312,0.006829868343451756,-0.005424357766975653,0.0022235681048742165,0.011560254951516948,0.5427648184657521,-0.23553897300326931,-0.0009583403538725816,0.0019824977072668976,0.0035415352905238187,-0.0007179440403541428,-0.02755182919280323,0.01728071318843363,0.002816730698509467,-0.00151216905806402,0.007812769455135421,2.1710401924224705
HQ_Wine08-B01_R04.txt,HQ,0.0015625298080973763,-0.007167062840839946,0.0034752293773824567,0.6487518502505641,-0.04712397647923329,0.7563180920786614,0.44516780115262655,-0.016315553437226744,0.0010130627966564113,0.0019860682691060275,0.010469167313309297,0.0022415957041551308,0.00968435614126258,-0.002699426822375224,0.007242844135443669,0.0008648015537605375,-0.542343598634246,0.38385491741228306,0.007138483025611388,0.0007966179411377033,-0.0010280775967884217,-0.0026390729489116195,-0.0029413890139013132,0.015111100950115483,0.00035413726438572905,-0.003379473818627828,-0.0158470928658737,0.011834870846247516,1.3953808807745842,-0.34295543980131105,-0.01443342715308572,-0.0022385808221956306,0.004802171090691154,0.006230266834615549,0.29642576187738334,-0.0698622955823734,0.02494543946611835,2.9408624225505653,0.7994459966410377,-0.004669485762967462,-0.0001579813124562884,0.0033165220578337136,0.0174680680395027,0.005203685722324098,-0.00260288864800991,-0.007093214105292463,-0.0019748674751372238,0.8245789802859411,-0.29831617210289574,0.010549384919387304,0.0007401183877696433,-0.0010004220355967707,0.00018148875467408998,-0.028418217878773674,0.013000444634519607,-0.005734965501183729,0.004539324781598784,0.00799990137819697,2.2204548712864494
HQ_Wine08-B01_R05.txt,HQ,-0.003666733078247157,0.0027546917550861603,0.0013219449359149263,0.5568189151669375,-0.045589503810968865,0.6135883902915023,0.449246095591052,0.003117605130970512,0.0003339346367117641,-0.0018819978426727136,0.009016773984597604,0.0048632600092066245,0.01342509794687138,-0.015530788878073465,0.0076058940351959505,0.01215545948001997,-0.7192661350178273,0.3262978041634354,0.0005853309970382575,0.0006789079667821586,-0.00023355346186073776,-0.001478948106363003,0.009625642433162437,0.004002437957727074,0.010394452388486415,0.0004727779848102357,0.005434158494208227,-0.00496506265086436,1.2838335289732292,-0.3590400501948525,-0.026763130378607457,-0.0014823512485718582,-0.007694704489844742,-0.0018719774754089602,0.24146149483263904,-0.09667618784682881,-0.010676116584650772,2.7980995164232345,0.7432040064958798,-0.004395246035893613,0.004880507613145649,-0.0008572361903057524,0.014663574773303444,0.017845424647890212,-0.0045976597014230755,0.010937037381495752,-0.0009360671581172738,0.5934617951076255,-0.27931143149233995,-0.0029061571868141986,0.0007094150896617769,0.000216623456886698,-0.0036877842665423628,-0.0029963277994642787,0.015397830657538532,-0.012197966142572878,-0.004042587193737325,-0.003779130344999883,2.094113664296877
HQ_Wine08-B01_R06.txt,HQ,-0.002958062469623865,-0.002027749020468369,-0.001285527067330753,0.4494023420910903,-0.05377294797085737,0.3944829692440841,0.4721001326102501,0.0037692045833514973,-0.0027661947744759842,-0.0011723416922938532,-0.04833028506653319,-0.010274581530426805,-0.006343103743830136,0.0006354887459530563,0.006375659493213962,0.005623913329946989,-1.1832855905594917,0.3035053037703593,-0.00034891986374612665,-0.000980938275540553,-0.001124326176708831,0.001151493192571162,-0.03940277567498405,-0.008230513459005908,-0.003233593647194607,0.001506913804708885,0.018541292022083766,-0.014562990165449968,0.8990403872501691,-0.3875470189218415,-0.007059530325345269,-0.0300747967173107,0.004767353855130402,-0.0021412497030171246,0.14831335663218112,-0.29867387830984016,-0.04736679045796585,2.4919027184600084,0.6040314942734009,-0.0017472601497420118,0.0030592790230894577,-0.001079634746478548,0.024911215748245535,-0.004802452551717436,0.003047364893481253,0.007302179043562128,0.0007096837586753279,0.1073352814669164,-0.32277524295370874,-0.002872650690730954,-0.003732494761824705,0.0031243345577738504,-0.0020120477240780747,-0.027253776707688415,-0.00772316922919303,-0.020173957699685927,0.011939516595869738,-0.004144132599026522,1.6719485408799883
HQ_Wine08-B01_R07.txt,HQ,-0.00212918930205955,0.0016297034605033472,-0.00042540160622055265,0.6775325296124991,-0.0506598695272011,0.7993147017479485,0.45839503523243597,-0.005158465635670237,-0.0030779754622724783,0.00038023184608608214,0.002433803727432824,0.0005529733271845121,-0.002496509894699031,-0.018118738935554064,0.005294037801141894,0.014484310061503138,-0.44738611587414745,0.4084070170869992,-0.009775289151963702,0.0020680087802546375,-0.0005705675579024973,0.00016782049946982748,0.001523785092686785,0.01521543357270941,-0.0010077295745832041,0.013833676577215948,0.003982988094586264,0.0021301007403253603,1.6498728881460858,-0.43578218409802316,0.012380801687784285,-0.0065962507332863705,0.004066241547751723,-0.002115040744040914,0.2887871046308351,-0.19757015426022828,-0.008081414189364183,2.9160498353871622,0.7888993399778021,0.0015622257637558055,-0.004800922576720438,-0.003293466090571087,0.01565714354410414,0.00772516272313501,0.004510151372517666,0.001594102069639281,-0.015424355363572242,0.9014732254039926,-0.32296044396336554,-0.0038077969270122465,0.007163603683028022,0.0003606653604263213,-0.00033112635147676994,0.005414518436780291,0.00248812154983651,-0.013108869392390452,-0.014759052128644867,0.022107473161266628,2.4405250091929416
HQ_Wine08-B01_R08.txt,HQ,-0.01588843375144281,-0.0029884520346591626,7.615937708632084e-05,0.4330170744031767,-0.08608852684082109,0.39683954244361086,0.45580806924526307,-0.0013660818252432942,0.002997143986364222,-0.0002876653023140438,0.020904211090888847,-0.013807383692959686,0.0008079670128353506,-0.006458274255601038,-0.0055701632130507805,0.006032452370383594,-0.9935518825903618,0.23807236441710672,0.00477005947609422,0.002252669573446832,-0.0024779862347711883,-0.0012859702991030353,-0.017105345653079237,-0.014254522759731809,-0.009419680981843882,-0.007912544820755088,-0.001237883387169435,0.01699520171682241,0.9100413691998384,-0.3332165541455656,-0.04041473356147997,-0.01354737176858383,-0.008383590108634152,-0.005796651265674926,0.27118360320457036,-0.21064441597704958,-0.04098006311341769,2.6740783309390386,0.756928340540707,0.0006625888845107978,-0.000526529595458793,0.001272130106730377,-0.018949732483923405,-0.00184886254976163,-0.01204327362314563,0.007497681044709503,-0.0014429085698286486,0.2510277307061761,-0.2647861847139643,0.0013177073034331135,-6.224537915439515e-05,-0.0013802444303326268,-0.0002779839455621957,-0.03770830831147367,0.014969337436540366,-0.0033457745799179784,-0.008355949625848525,0.010657236477356856,1.7931258668561139
HQ_Wine08-B01_R09.txt,HQ,-0.006875967261413556,0.005330159116328713,0.0010270881515330962,0.4722137314450999,-0.04899626483161869,0.4313001980678681,0.46887680659514164,-0.006134938170207263,-0.001001307048032021,-0.002238846302944315,-0.00574824861934798,-0.01328037455231058,0.006539268629361689,0.006915698882992967,0.005516920105447394,-0.0019231308394019341,-1.060081061969215,0.25324869524434634,-0.008050601960899214,0.003857603630709773,0.000972519839863421,0.00113504743364703,-0.008090766336715065,-0.005403936174822531,-0.028244455008826982,0.0065013428575341585,-0.0008077961995243518,-0.00027344927542791424,0.8857120464374839,-0.34423135979655184,-0.011187653783800374,0.003743166530359583,-0.008001508692239093,-0.005898964979212805,0.1779319757657639,-0.21630441776976683,0.018479024349787126,2.5541928658464785,0.6710733402643143,-0.00399326449212601,-0.0006649575638423893,0.0011464609050484411,0.017077387378318664,0.016620057263047237,-0.0008882895705909504,0.004543181551256714,0.001290717530739078,0.17662115892553132,-0.2888928389271226,-0.009984511675546717,-0.0023319792627461327,-0.002498428840899624,-0.0015339894991389315,-0.017930579192602908,0.011100421474260106,0.004415828232014684,-0.009572804816002051,0.0012031131013572303,1.729020445393858
HQ_Wine08-B01_R10.txt,HQ,-0.0028502636924558396,-0.006858177478891319,0.0029723105419134912,0.5460427630207889,-0.10055779319473536,0.6289924234880537,0.42756021971313096,-0.00813597682725216,-0.00012861529542011898,0.0002443827504059221,-0.022122914617009715,-0.016819300949886158,-0.011445194153174836,-0.008353652639182632,0.002925903087452015,-0.0016412702730788748,-0.6260867513800621,0.25172744838671957,0.0049811995776938974,-0.008428700943728242,-0.0008052271482856292,-0.0007400423737095701,-0.017278355951357127,0.005827313927752753,-0.016816768756942435,0.008108308133291197,-0.0009526946609293794,-0.0051783984535264315,1.3327479277932248,-0.313108178015278,-0.007077836924118587,0.007572311066908407,-0.0004636229273071983,-0.003441376337659898,0.26190537362054667,-0.03612460673686421,0.0368219759257377,2.7696055585087747,0.7301449088622114,-0.011203759476687081,0.001269689860761928,5.986284058908943e-05,-0.012376714411905194,0.00627132396658636,-0.003751538798829397,-0.009343633878201727,0.0037603783333477374,0.6372524539279194,-0.20734658906301795,0.0038100946113363895,0.001006218561119274,0.003102336277589033,-0.001317546217340491,-0.0067042090371241415,0.026368046467468192,0.005850828238445091,0.006575477263111626,-0.0018422876369341736,1.9818504897423042
HQ_Wine09-B01_R01.txt,HQ,0.01029961544294616,-0.0019295099169549963,-0.0014022230663857404,0.3288415728116526,0.11852146394854939,0.429635652558491,0.2789803964934121,0.0030143384768653554,-0.00237400787612772,8.983794158645854e-05,-0.015454847682396862,0.02413174208760853,0.0006444707675308976,-0.010329684723054572,-0.0008054975347009967,-0.002152649108638811,-0.7211038725128942,0.19748058000821167,0.0016449271984424938,-0.001500147481139686,-0.0005189718263537576,-0.0006989432550338364,-0.028871757182458872,-0.012133296594221259,-0.022428114505466612,-0.001986568343142907,0.011106955097804582,-0.0032529865025666396,0.5532229301742086,-0.001792316377411618,0.023100943498127236,-0.011970445479860285,-0.0033460113141415095,-0.0009616574986629055,0.22917460790585023,0.10935651819419986,0.01825423482463425,2.8669530759685893,0.6135723362453396,-0.0026428706440228423,-0.0020177680136558083,-0.002253947798352401,-0.02349312137724363,0.024581757935149835,0.0046993309689031286,0.0032934454023608997,0.0028639765809182955,0.7396318611958286,-0.15403067284435146,-0.008469221102442179,-0.0030563431351331473,-9.764929937260845e-05,0.00044173304126534057,-0.011803146264767072,0.00817600419115613,0.0055411242228066,0.004497756789528993,0.005303662942746549,1.7237206201646096
HQ_Wine09-B01_R02.txt,HQ,0.0008317947131529719,0.0005818708206533543,0.0010403635048848127,0.2614023159318314,-0.014702199207924607,0.12640699848796189,0.38759009905628616,-0.0038472512171199786,-0.0012792322467879637,0.0006521398341993106,-0.036283429654797895,-0.002076858186565783,-0.010121670732160366,-0.006654099416071525,0.001629832419629617,0.0004827932583859173,-1.4332236841414918,0.2014335108730972,-0.009738504155860608,-0.0011732966727404286,-0.0007662383794353842,0.0018855171753956752,-0.017722044553917626,-0.009753911644763831,-0.018200270653183075,-0.010105045049369477,0.0004992941205923178,0.006236968524511987,0.469687335048393,-0.19621352117076518,-0.009402150135962094,-0.006555452063540002,-0.0003976395177636608,-0.005046625703390982,0.09635692268476961,-0.1090978669032454,-0.02344380347685462,2.2940530152290934,0.3693141483437383,-0.00504809871441428,-6.880772102535937e-05,0.0009579423022257412,-0.012881824446926989,0.0030962196391022614,0.002591332146573007,-0.007361106156171625,-0.0059835954892596506,-0.10459839633799373,-0.22841575610535325,0.00462454387041125,0.0008559895662304753,0.0010195106729400055,0.0005381399014157495,-0.005023506473095062,-0.001894111061956698,0.012855325909208178,0.0023477178490684497,0.004072840921683744,1.5338335253525157
HQ_Wine09-B01_R03.txt,HQ,-7.12647059446488e-05,-0.00044734954053547276,-0.001243001768926571,0.6762637879213443,-0.005674713940525433,0.8078359944766174,0.444106460283745,-0.0013579004915749455,-0.002088338625015892,6.977156123315266e-05,0.030686560993252593,0.0031558842046595734,0.005409772645576835,-0.005878833432851116,0.016618101560304948,0.004640504351669763,-0.45775885784178794,0.4664077660656277,-0.00498371254904475,0.005438749201762691,0.0013388484345364358,-0.0007542635080421554,0.021654385074638266,-0.01214101912234031,-0.021441773988517487,0.003402201446060421,-0.009053779306412893,-0.005444915036443958,1.5218195569125887,-0.371825869751802,0.004616447351745199,-0.006110131817589848,-0.0024026840062267496,-0.0011982518780285821,0.2854189181771881,-0.19455197648354455,0.009483914763470658,2.953162523539537,0.7745710152925156,-0.004084535012791435,4.720739770349352e-05,0.0007530132692771488,0.02869301931595202,0.0013392235853879695,0.0008168816504672011,-0.00492382746304186,-0.00629844572003381,0.9426873288105408,-0.30685344526848146,0.006689965709539935,0.003290728457417058,-0.001327489579805073,-0.0011136079051246427,0.02530898210528893,0.00342661265323391,0.0011416279120875462,0.004529353336197437,0.007567979235216802,2.4315022800034045
HQ_Wine09-B01_R04.txt,HQ,-0.00025037892258853237,0.0003842940409325029,-0.0002964385676304049,0.5342027049628232,-0.04951631934602525,0.5832210660173622,0.44132703201682144,-0.0015577717383242343,-3.9078423917206033e-05,-0.0003277249697748181,2.303972319894071e-05,-0.0137541531857538,0.00254595781237588,0.0011665578896673506,0.0010655252304724323,-0.006330299713509885,-0.8473052862695152,0.3016845666515421,0.0025627601926981078,-0.0035862540194921827,0.0005386957915584985,0.0003220303612453143,-0.005096173325741832,-0.010132823263892298,-0.005149499856219447,0.004380056614547625,0.0075841695306325,-0.00043525408620515406,1.131227256127839,-0.3084369447507309,-0.004385966597915024,0.002368299061853265,-0.0035660502918340264,-0.0030704017161233164,0.32101877768280795,-0.13606879040106268,0.011970971034991482,2.868852986785721,0.8087840999385483,-0.0030352549705016554,0.00042656087201364807,0.0007803935808341367,0.009308660406716206,0.0026724602070668183,-0.00729272180147464,-0.006107538017477301,0.009664863495281168,0.5451034354509012,-0.3073833731322524,0.0014437809562502042,-0.0028520079113889614,0.0010316872757235493,0.0004522698451975935,-0.0036272520106039883,0.011626671976901919,0.006412961206458465,0.006823304058166982,0.00010247366397761926,2.0820313826296353
HQ_Wine09-B01_R05.txt,HQ,0.0009838452043672069,-3.203825776323626e-05,0.00039815944893784917,0.547588514816284,0.004723046777406467,0.6508473388763854,0.3679111402517048,0.004597726134215836,-0.001043404802603527,0.00042250428564431986,-0.011933152817055238,-0.007607860326433742,-0.007570209667615024,0.000553212271919996,0.0038748071983167394,-0.005367810028063402,-0.6677788056343887,0.15580279094342397,0.0004107421490475877,-0.007053108295562255,0.0007301672798611005,-0.0012134113884099155,-0.029908025465221276,0.003864998929469416,-6.193225401538403e-05,0.00031909644467945173,-0.017087826085688193,-0.006478182367412779,1.4564124844412136,-0.3211461545004066,-0.001445762852978468,-0.010248476973017465,0.0014904767761738146,-0.0006720752062674506,0.21024614857511473,-0.18867534997155622,-0.0041403587945585685,2.8009485984778584,0.5968396164463261,0.0023937799928057126,-0.002352225438329885,0.0005852764829464589,0.0020914360213534003,0.007727218301356838,-0.0017553797104395428,0.0017648378137235543,-0.0013964219150147535,0.6303393228012357,-0.11452596461403797,-0.002164763197264498,0.003033483843774481,-0.0005421851600434039,0.0024410694165662885,-0.018657675242340112,0.0170150117363693,0.0011514006607209258,-0.0009937760870433322,0.005592510192073439,2.107753181767314
HQ_Wine09-B01_R06.txt,HQ,-0.0015106137683695356,0.002121805735984339,-0.0005187160332962192,0.5844835231120504,-0.03618478219432751,0.672231547486283,0.4422894846507104,0.004308251033750335,-0.002585512078308912,0.0003174875132826293,-0.03175236732240571,0.0008063455033843672,0.007197057567838337,-0.0005202698832769675,-0.011337884510715539,-0.011161281330615665,-1.1250387548565408,0.2967658611766414,0.014874857091100254,-0.0042115326065586675,0.0015301659215779422,0.0025727968872131975,-0.013119188991006121,0.012112706432156702,-0.00117159544447765,0.009694459167096336,0.003973299446807535,0.01051082341475265,1.0728355326539898,-0.36692073489505295,0.0014766310538980735,-0.007149671492367339,0.001132127293587325,0.004045309326764175,0.09092862164289567,-0.16979408336319468,0.015381843661695788,2.3745883006785187,0.4357479838845917,-0.0006042715518408272,0.0016453881060768767,-0.001725009664397542,-0.0015881374988769084,0.025225794771508186,-0.009363564732140627,-0.011815996604092188,0.008576050932633302,0.29739557919297166,-0.2858862856174107,0.0025758197429143724,0.0054035637804010755,0.0009519110409103731,-0.0005095577080352283,0.020740259679896324,0.019110067166884747,0.018047071656278186,-0.018943706990622387,-0.004397333942890891,1.851400421590732
HQ_Wine09-B01_R07.txt,HQ,0.0006876537874768432,-0.0038670643652467095,-0.0010824972026858316,0.7621896124188327,-0.01575273367308362,0.8447252272783592,0.46179519484539266,-0.001977152224007691,-0.0017934432675707364,-0.0017763842211347943,-0.012289647682658951,0.002546574289633464,0.00829318188163264,-0.017136208016233292,0.0005092913636211682,0.012019359590017141,-0.6144445055360492,0.31443074723281395,0.001054256054724422,-0.001456343012267768,0.004302479573625873,-0.0002795188354022309,-0.01338098234322261,0.0250921598013479,0.00313291877737807,-0.0017870295047651436,0.0026102571976309268,0.005173782411079635,1.4608043062830065,-0.38766639320732654,-0.025128937633016307,-0.008135633010363068,0.002629160251684934,0.0014594324540144578,0.1391099602750131,-0.304155612399177,-0.058963988927746944,2.5939629791487997,0.5258724409007653,-0.0031547600033978904,-0.0014768618419307513,-0.0002563257148821573,0.009839566530196742,0.01235279674057857,0.0006552861790122618,0.0018244458925683587,-0.004627200027764336,0.8206423960277789,-0.2520099670996503,-0.0032349654778655768,-0.0077633006589445585,0.0016208299100793375,-8.853841506412932e-05,0.0018485906248958063,0.01138782580124351,0.006494393166009641,-0.001736836740889623,-0.01031042516723404,2.230102932777485
HQ_Wine09-B01_R08.txt,HQ,-0.005669630376230913,0.00012665550993673096,-0.0003197779628306316,0.6373697673503514,-0.05335611713486764,0.7372744766663848,0.452221309769139,0.003638453840023333,-0.0018289612179210497,-0.000416822479627719,-0.011490477722511265,0.0031639872386466737,0.003940722516779974,-0.006336190360501731,-0.005200830566696755,-0.005947801369984573,-0.6465689443324498,0.300395164981601,-0.001131438335463146,-0.0028015452539358,0.0012574568060290763,-0.0017468464180980955,0.0015596726811105584,0.007432956598224768,0.004991552213237074,-0.005182513148981774,-0.002340726351498346,-0.013767978580046724,1.38768270797524,-0.363446300592807,-0.006354342480151,0.0106474974606242,-0.009158288065997269,-0.0011383586104299014,0.28181240990302536,-0.07393713320037719,-0.01799333243030798,2.725368301372799,0.7449890178633201,-0.004309958331507838,0.002316692647821796,0.0011281549044189318,0.009806197900271804,0.011061904079019315,-0.016582891636304744,-0.0075303070944954574,0.004437341955661029,0.8347148013628853,-0.2876589265030851,-0.001853608354999078,-0.0010201632507315529,0.0025379976018520987,-0.0011609950647317514,0.004720026562610573,-0.016138232747299766,-0.0012466186651644293,0.007928606659387471,0.0008869191626039873,2.235609437303367
HQ_Wine09-B01_R09.txt,HQ,-0.004321466373000607,0.0017820762492250937,-0.0014241801042692154,0.56306461920723,-0.05168187132416731,0.5981168595357262,0.46159948473296186,0.001330667845551386,0.004225952281798733,-0.0010025918536367283,0.011620413469038707,0.003912342854008025,0.014559425969372042,-0.0137847628529538,-0.009419860773655114,-0.002239293802898939,-0.9278218112961607,0.2979232470293869,0.013100276058955786,0.0012372939514005354,0.0007782539020219107,-0.00013911005188307934,0.008542978125985947,0.031109054622968202,-0.0023736753652103476,0.0014485225102989748,0.013955266599520568,0.007080215774605527,1.1034490483782013,-0.36844528767292295,0.004252087217674905,0.001056776871431631,0.00045543652729303176,0.0006868396201390847,0.2097256283933093,-0.16183730654506967,0.012387014773407323,2.604063029160499,0.6760613551121395,-0.0035294496875852995,0.0038770222967857053,-0.0018656209595196678,0.05265029979152914,0.02670289698123858,0.001474130523670591,-0.0018625559687398124,0.002918224358672083,0.5255687713435186,-0.2788991655719788,0.007834759368531126,0.0029469876040258,0.002542460139106985,0.0002667693838924423,0.04215151032776565,0.014803215097187392,0.0013559356651956242,0.011973246068176917,0.0016208740066146646,1.963653434664412
HQ_Wine09-B01_R10.txt,HQ,0.009114194831015297,0.0001564978722572682,0.00041383748317810984,0.406270509569699,-0.05050884132074214,0.4139738575829428,0.3851004015419326,-0.0012783198581594207,0.0011844610395292392,-0.00011636278417827007,-0.026944522471024926,-0.0031774975476159227,-0.001153960568128054,-0.01317160384864214,-0.002017436295558014,0.003941274656437588,-0.9043987505004578,0.1365041774655663,0.009829101980851138,0.004768460152572202,0.001750967281731212,0.000601624489200869,0.01715344773329737,0.015340224861995906,-0.009541898217679302,0.0251279854788177,3.515450616613149e-05,0.0026084526078189747,0.9710293251955688,-0.24117012740898303,-0.0477165146174174,-0.009457075424515142,0.0008904899386258997,-0.004648194835191313,0.1505963613867265,-0.19885065648424233,-0.027398721044765963,2.3554392416715997,0.4845225260038033,0.003052562060362984,-0.0005929819211178214,-0.0007904200346182304,0.0013509250390463384,0.015024632211731113,0.0012333277620449707,0.0067357446473576684,0.006664191047697729,0.528195837203163,-0.1384305519623319,0.0031520352152487534,-0.00028762646483343344,0.00010178505376910649,-0.0013087932771363667,0.008520348225294346,0.015048549676358745,0.008057689080930039,0.0018142593014836123,0.0022388772933821513,1.9115060989644581
HQ_Wine09-B01_R11.txt,HQ,0.000104421222707941,0.0011541997371412452,0.0036947620358175753,0.5610718047527858,-0.023136009388673065,0.6576854600176674,0.43997098409835456,0.0024031511366444927,-0.002274897210386158,-0.0016766722089233371,-0.008355464848774974,-0.002183565221891075,0.00583341930315168,-0.012753066764820105,0.004991282877217511,-0.0016575557545246387,-0.8032463246727275,0.36216887061399883,0.005079604747652596,0.0029429157324108116,-0.003612318522240682,-0.0009218307469922644,-0.010655372389736045,-0.0007087456342683551,-0.001225522317405311,0.01909356053227096,0.011993579827750981,-0.010461235455049686,1.116192853475364,-0.35393835507980254,-0.007937708411248402,-0.00020258919863107598,0.0030564774049377393,0.001667897067455056,0.31496465130497253,-0.08671305261423097,0.04518999621701743,2.7795654788840602,0.8238668392039301,-0.004051108955868798,-0.0009487002942638303,0.002921937029475127,0.015458960136387034,0.010475304188139717,0.000991203017504454,-0.0012238755452316894,0.004201388082064173,0.709786205197589,-0.3226890395722599,-0.010230262998861137,-0.005163966198270296,0.0037420516472200516,-0.0006898296489118819,-0.00972588636472702,0.02441569660447262,-0.008957529690980081,0.009243414554297311,0.004841570372537714,2.00228862455267
LQ_Wine02-B01_R01.txt,LQ,-0.004805382878057806,0.0035041520237343595,0.0009796590354179044,0.007131362083516168,-0.011569936856485746,0.0762364220770202,0.027735286113041546,-0.0015529925094381668,0.0005774350663666073,-0.0003787451053198143,-0.0012378282427490256,-0.007498755405310601,0.015351206362937346,-0.002118586382843079,-0.0008938050528294007,0.001598578327341958,-0.3861405374942315,-0.2463834778724986,0.00538969488801966,-0.002588192327277977,-0.0003507516964066165,0.0009725205046719641,0.025651484891098676,-0.00013083421957646273,0.0016462944106648246,0.00442740734692521,0.003725701633862557,-0.0021510293751760183,-0.8374907155364268,-0.10039005789408573,0.004328782693446014,-0.0012585922717833534,0.0005199206947467038,5.9936303151199554e-05,-0.05123914413600422,0.04065580991048739,-0.01716492617474387,0.9025988643544283,-0.0014171970505572062,0.0036676852370160816,0.002298342271615209,0.0002667088908663325,0.03175756664778415,-0.004629445554351285,0.0051444913087138125,-0.0030829877965761667,0.0033017248168410347,0.19661208702723965,-0.06386879896697062,-0.0038027322567984532,-0.0002758104109058414,0.000719108043179469,0.0013413180433922455,0.029500877375144008,0.005906120710853337,-0.005837894026628691,-0.005329661052185249,-0.004708673081948855,-0.5332181416729811
LQ_Wine02-B01_R02.txt,LQ,-0.0026779871711333225,0.0014104842203071302,-0.0009752572831625789,-0.1857472501928092,-0.015603317049578638,-0.2531288446994715,-0.14453141814766646,-0.002916321413024457,-0.0008392105476402246,-0.0012608875469296253,-0.01780175052652254,-0.006132111024415235,0.00569112428948312,0.008692438483084207,0.0032436801864410064,-0.0009667800294972328,-0.30462859577592205,-0.27809326545508617,0.0016024430687185973,-0.0025308366244010823,-0.00221295790714352,-0.0014511276358473869,-0.03766774155145413,0.003300963755874166,0.004082609522673777,-0.0008319974514492544,0.004810917392092452,0.006815589309757134,-0.8149046721017617,-0.05958611698090932,-0.005336881444725061,0.006208287745801163,-0.002963130911714081,-0.001276976979525902,-0.08985983324112443,0.05500663120521719,0.019160703887451034,-1.1251116995555632,-0.3620039337411054,0.0010432368228384414,0.0014159548831696243,3.4002310566065965e-05,-0.0023600636575720826,-0.014276108252497205,0.008388218825132196,0.0024851594120305345,-0.0018934380661891725,-1.1862598732263567,-0.01570107671712173,0.0027768731954183916,-0.002262025865903224,0.0022353320870988633,0.00042162416247984083,-0.031626287681981176,0.00017711526932061728,-0.011281186948416778,0.00111146292741143,-0.0026123244800913743,-1.1206346899640107
LQ_Wine02-B01_R03.txt,LQ,0.0031281488427994547,-0.005069563204528329,-9.167641485167239e-05,-0.3053489959076038,-0.03201873906851617,-0.6434234902381757,-0.2208109086197254,0.008173110632447722,-0.0001870710034542114,-0.003984583120596637,-0.01719725612593346,-0.014362062254867906,0.005961248145313489,-0.005305117041311273,-0.010456071309617319,-0.005674706164058259,-0.6268681377850065,-0.33166006138174786,0.010536636627347653,0.0002498336815093473,0.0034084762563856928,0.000466929584885302,-0.04639782973646902,0.0052181193725855755,-0.001135052793970883,0.01808325081079727,-0.009858264289176376,0.00890427835855246,-0.9772788600742812,-0.09866608018560497,0.013501672100195351,-0.005158310114230635,0.0024373846781167176,0.00038909320313150193,-0.11816265957513564,-0.0327254372649568,-0.011923179315852295,-2.1237355512042795,-0.267718617127608,0.01453351870415023,0.00014534069640487652,0.0012086280664260264,0.01147902469489158,-0.0024579305042578877,-0.010787381084958796,0.005652389530205509,-0.0008064305177157678,-1.734339695893666,0.03187340995065924,-0.0057098647240029134,0.0035112389582495082,0.002081172965443151,0.00059925354940513,-0.02163850245838078,0.023265698763394176,0.00894454657550473,-0.01841521804235978,-0.003805898311851419,-1.4260438432409106
LQ_Wine02-B01_R04.txt,LQ,0.0009998011916661376,-0.0076967331159882735,0.00012763700815269282,0.06133135574873899,-0.039420518226671045,0.5246353316157366,-0.04566344919075238,0.012774471831333114,-0.0019838465793712698,0.0016047054481756586,0.023098981551880032,-0.000501111809506358,-0.017939516200193534,0.0019816490028158208,-0.0023923417601687336,0.0009343638112881813,0.7754339785801054,0.009174432401163779,-0.004194715459921054,-0.0037457529189453952,-0.0008044147168770124,-0.002218008771255277,-0.007717931443734935,0.006520530655031045,0.011385832779597314,0.0037236576386526967,-0.011239146495794142,0.0015185771010759327,-0.23526199499130573,0.015095821205638238,-0.0034619892609224776,-0.004001065140385837,-0.0007757096621405717,0.00014355788364882075,-0.08963147275360156,0.007917088119094001,-0.004667375098705415,-0.3656897102148946,-0.7244981042140894,0.009659230459661794,-0.0027519056023937996,-0.0029317766505401084,0.005452825557367674,-0.027130580301868858,0.014995672411417983,0.001688078258166319,-0.002007195137856257,-0.5217641417219365,0.23696978676102054,-0.005726409629784894,0.0019330975985790018,4.638244991825672e-05,-0.0016707902742857268,-0.010138106005776552,0.00478312214071658,0.0009336845647821609,-0.018214692809498036,0.005184168987791232,-0.8767017000419814
LQ_Wine02-B01_R05.txt,LQ,-0.002971725202873119,-0.004391796101073065,-0.0003806645309210926,-0.16485004014134336,-0.02717617864907522,0.14870836656825936,-0.18131057155626884,0.0013856470797135277,0.00386218476607464,-0.0008122521765994069,-0.0020728522650987347,0.011263621674397544,-0.004287372006234254,0.013002667967509865,0.004374600727793009,-0.001195452250246838,0.48689088749159204,0.07243935180529804,-0.0025562031443056325,0.0015711193662722828,0.0002509908669217312,0.0011784991336541485,-0.013487735748139905,0.001014748279648996,0.0006643212704706266,0.003448229482597154,-0.00562785942978364,0.00840870974042776,0.055445786990374835,0.03483461184527337,-0.002585872701686233,-0.0016686609009527896,-0.004828253108157105,-0.002777281600696623,-0.08274225574272456,-0.017203375621198683,-0.0036337369697548635,-1.154097848351876,-0.5255119195915121,0.0037863220238514928,8.525051430783242e-05,0.0019617070209142274,0.0046624520672306005,0.0010840255493415381,-0.009966847898580773,-0.007171770800198094,-0.0051743537659659535,-0.6371300520360057,-0.004655916872362109,-0.0037332534144552385,0.0012432142759535019,-0.00015132779886772868,0.0006703072798994828,-0.01272016339592339,-0.0060896140715271775,0.005476166474548556,0.0015559860766521337,0.0026886105728851804,-0.6288421138904896
LQ_Wine02-B01_R06.txt,LQ,0.027051827415704,-0.0032094301917236115,0.00024078525188050385,0.3481369629429978,0.3485466606826411,1.163862534481778,0.0280976114070004,0.021592884340775647,-0.003618469759666103,0.001916399320088748,0.10988526823624692,-0.005466240051145281,0.0032811743260427427,-0.006381034512549226,-0.005131215904980792,0.003918434429845333,1.408759253878502,0.1939659683565767,0.006301273253073088,0.0030916627938087676,0.0010606770278654065,0.0016715117719430213,0.07343997433324963,-0.00727884910583048,0.02363237637573777,-0.006114734255034388,0.006867020272298914,0.006933323435114253,0.6981529235191681,0.13871097633566754,0.023010560819792074,0.0015447944411513593,0.003917570477420563,-0.003145338374922187,0.0500332543901226,0.44945013558948166,-0.005943449497849761,1.7381387201126186,-0.354609723591393,0.022321086994286494,0.0010983404409603994,-0.002801833019657276,0.12483108642623612,-0.006331129431857289,0.007685372923396614,0.009741252795823281,0.0024740970111512667,1.4812374808724114,0.03962239328613282,-0.005303849526873761,0.0007673135069024419,-0.002372024265561751,-0.0015863779883320377,0.08850715084282258,-0.0022698201089528048,-0.010053959667544656,0.005298256847605999,0.004224448307101437,0.2775081447093113
LQ_Wine02-B01_R07.txt,LQ,0.0022203913244901435,-0.00043436017831828495,0.0007250379516626742,-0.28322929305098665,-0.004953905304638601,-0.1937777231555664,-0.2877463611218394,0.00010306672548661975,-0.002936899700731751,-0.001799703960496851,0.011877258758028638,-0.01106633932332815,0.005780329687490003,0.010340132423728584,-0.0007198742022523309,0.0007441340567413144,0.4221106058257531,-0.06085678309659892,-0.0027979234531201594,-0.003317543877860118,-0.0006468122596593108,-0.0004597517514650346,0.0025175822623729367,0.004279918199416281,0.006817435160670756,0.006596672315746708,-0.0028281492955808435,-0.004249367182487974,-0.4048448071406088,-0.026602648726868017,0.0009900256124241251,6.956822884633294e-05,-0.0006732375636028152,0.00012376647136791113,-0.09287421800358844,0.04394175533124972,0.0005773645648540146,-1.48132957343981,-0.565940098142196,-0.006713344329716904,0.0012806293495960914,-0.0010466213338071976,0.0015306152721458535,0.001752160553912056,-0.018400346714575404,0.0046317285524762695,0.008930608092066833,-1.0617448089670165,0.18075807474829664,-0.0015919135362385552,-0.0005181110909978333,5.5086084287821264e-05,0.0012630242059186196,-0.0007692506113455011,-0.015545737858957305,0.005579285281353911,0.0021532201655440363,0.009840488857278572,-0.9723717332901405
LQ_Wine02-B01_R08.txt,LQ,0.008516639832256099,3.577718744994526e-05,0.0010407713475667837,-0.013575421687365974,0.011205334847784312,0.42635771092659436,-0.09986026820108318,-0.0038609350102704445,-0.0012390002307224454,0.0011136345258935063,-0.039976977735648435,0.00492096558674294,-0.010493700716263044,0.007895550425912041,-0.0024542749302093056,-0.005962219373467048,0.9051047132845733,0.03910602865983337,-0.006346599836560382,-0.0009920790585780416,-8.153601844845446e-05,-0.0010795943988440152,-0.04144562494053639,-0.00675248756302608,0.00014100092685828767,-0.011633928794368061,0.009314390343496525,-0.008356424850460968,0.5839601639807421,0.31798443112159713,-0.009171124390952648,0.01023618131947628,0.001261663380681005,0.0012026991900334735,-0.10048832682511849,0.009894369923091652,0.015964610043752537,0.5324208311336882,-0.5720784366610454,-0.006550956814431966,0.0005981265310123439,0.0007340604566438503,-0.019703641920723984,0.006270632461205608,0.002362090812637512,-0.008394404878461987,0.011319464870268692,1.6471392830983262,0.06828098675438454,0.004657854614232793,-0.00037169299532281133,-0.0014871217793733969,0.0002581643946938846,-0.028467124774042563,0.0011349209771851542,0.001266892544959152,0.011781454288225262,0.0008226378125391443,0.37713119542994367
LQ_Wine02-B01_R09.txt,LQ,-0.004033676458538346,0.0013572906373965443,0.0008260786201498582,-0.16030795787592136,-0.030766909473586332,0.12037243939500986,-0.17297787278942245,-0.001785396474658684,-0.0013771824241621184,-0.0013807207933202274,-0.010406722837543618,-0.00805245641596197,0.0009631136563942148,0.0008193425840392465,-0.00044381135987811224,0.0056394739289499386,0.8227538881086689,-0.014051415298962477,0.0027028889709026873,0.002591021308170509,-5.899118464768201e-05,-0.00065878152110473,0.042227822378736,-0.01798074726519138,-0.011781317065123536,0.011226143184334243,-0.007299083786198672,0.004033831641363528,0.479172755883031,0.16175251687624126,-0.0033391849734474045,0.004352454870335416,-0.0005899778732265768,-0.0011501314985841405,-0.09768465171734672,-0.020695056033503037,-0.008903132567905779,-0.4739581978994112,-0.6241596833387275,-0.0015818079920003158,-0.0007650182025924265,-7.284432571109256e-05,-0.01023692487903944,-0.002734600892688734,0.00578659880471954,0.01343859962171675,0.00048668438991708194,0.2713376742196587,0.2414755367501027,-0.0021518844590439927,0.0020377553329229228,0.0014803784971399276,-0.0005617348643832099,0.03191142434549322,0.014318700918158376,-0.013094394518496914,-0.005202355520975392,-0.0023286038054054583,-0.27620907849121057
LQ_Wine02-B01_R10.txt,LQ,0.014521582652669385,0.0010772058043652447,-0.000980634343284356,0.08058758383286879,0.16619562665844914,0.9401962908966048,-0.12556532454045755,0.005008425169339529,-0.00032983585057378263,0.0018169939956250904,0.10553292469220879,0.021432149847179623,0.03189673066234236,0.0020731184894819277,-0.0043292373056005575,-0.00017756770649117112,1.8381695965805767,0.18531734581616,0.013504554691259245,-0.0013835623223225973,-0.002981899313473506,-0.00046863239820600373,0.15834550615880771,0.012373444258789458,-0.015780425931469187,0.006490778526447241,-0.0013869342830364752,-0.0032870339427711476,0.9543330685443401,0.15882326162303362,-0.005499595456885693,-0.006398273050827635,0.0034446379186371195,0.00025128836824829266,0.002674066872644265,0.23329492542276098,-0.07352295315328618,0.8019582273330066,-0.9271748697868505,0.01218501776278206,-0.0031812922908785596,-0.0013277455890376203,0.14333065124298205,0.031380490145370116,-0.013044257350419078,0.0035392004535257414,0.0036543544732608587,1.284023422772095,0.3413858807640697,-0.012718460164995069,0.0003810785886880985,-0.001564750086514076,0.00047842662928947936,0.23563845147062032,0.011745230401050376,-0.008288207565185429,0.005721576244851027,0.0052614363044228485,0.1334694789585562
LQ_Wine02-B01_R11.txt,LQ,0.013098560409186048,-0.004224560828915794,-0.0033983353666773835,0.21249918626414943,0.16710151679157656,1.1467238282390726,-0.03573906116496417,-0.004801748513336506,0.0017251643723407706,0.0032396689841775435,0.03262993462822726,0.0020608099196707374,0.011299493373765672,-0.0017559651892082567,0.0021637178996623107,0.0008264143765698232,1.7053914604226268,-0.06772447890069233,0.002401016082515799,0.0015853234716954035,4.8759791755943765e-05,0.0008741784057986597,0.08502249656424996,0.007085198412772005,-0.01893524729750507,0.0020694665651635,-0.006271216293080908,0.003569280167220866,0.8220707686402582,0.2569543392432303,0.048357311590165625,-0.005773882836898766,0.0015504461006580592,0.0027119294703072463,0.007334752485915891,0.3231111981819178,0.012642437677466731,2.084812352541822,-0.3497572799906772,0.011494833619834416,-0.002486584948180546,-0.001419345791569472,0.05569603586581393,0.01808285606533363,-5.221933486343044e-06,0.003926483412963124,-0.002791378385402515,2.0463164810305328,0.1672673387235848,-0.005125125702390841,0.001211283472172847,3.7531277394161207e-06,-0.00014526563284498247,0.09732932589611124,0.018458367926824107,-0.006093071481643258,0.0021268598482213617,-0.00014133396952270062,0.7402971326162668
LQ_Wine02-B02_R01.txt,LQ,-0.0072862981429061315,0.0020336428183103023,0.0004898151837342565,-0.10568470605556257,-0.03773457719803845,-0.11940409616462766,-0.00899051398029016,0.004479045032569759,0.0026433493343633358,0.0014254293390395605,0.022179294489722036,-0.01593266210308783,0.0007771062745595275,-0.0045016412941490894,-0.0011062266931111684,-0.002716716736599324,-0.8112173482101586,-0.17168709817134908,0.0020650180562861078,-0.0020676394949415296,6.191737788264085e-06,-2.2820072164607083e-05,-0.005418584647144689,0.0010829545053879213,0.004720516915708033,0.005034506201004808,-0.009458352103479069,0.0022975247048505586,-1.1313816392944664,-0.18987762695541055,0.00010902837724813003,0.001386752791080891,0.0008257747498279945,-0.0019133811809614973,-0.0626567184781388,0.007928845317935945,-0.0035531516161875793,0.840787716322688,0.09758282512090322,0.00165089062325459,-2.3056678969407963e-06,0.0001594601547512114,0.02550486110703344,0.004579166383525676,-0.011373697342080701,-0.004754581245332076,-0.0005316375547415003,-0.1316031336396115,-0.23251420750724394,-0.002138269115602272,-0.0008892726758797986,-0.00041691507876222636,5.9478482450810695e-05,-0.00965511102194268,-0.0007443765919167332,0.0016167173586255643,0.00034215762927143883,0.004040757141503301,-0.7752053833071719
LQ_Wine02-B02_R02.txt,LQ,0.0038655081393931955,-0.005210582727902283,-0.002255191719527909,0.10482294740841314,-0.03637559780293011,0.4540114845055161,0.02875564679209841,0.0016551110294614915,-0.003937957293623544,0.0017552219741480187,-0.020580687113554832,0.01155507718893487,-0.008951099319770648,0.0016810867338459563,0.0005086588226709101,0.0038121512878049654,0.2703660611098817,0.026699967248586032,-0.0037818166476842547,-0.0007448111202940685,0.0007268825729181429,-0.0005901742587382067,-0.005241975489764038,-0.009519889291557492,-0.0015317994225544553,-0.003794083907720968,0.004367576016156268,0.0044946313313671835,-0.15171089247247327,-0.042688841288818,-0.0020351734838861225,-0.008273620317610732,0.004657192702533709,-0.0023525905051006778,-0.0983894872261755,-0.010296467270194065,-0.031169543463308923,-0.45630984534503316,-0.6442651353988271,0.007581966156592456,-0.003769094589792099,-0.0013176294787243018,-0.031916009295122186,-0.02140740887848764,0.00728859571284236,0.005311130714843016,-0.0032524191895626545,-0.9228359203009977,0.10701685808046335,0.00230848325374821,-0.006128805152933265,-0.0008221805156647525,-0.0014147336829784622,-0.03886611993839378,-0.010527412181593199,-0.018095201753452313,-0.000694855027613473,-0.006992827668727309,-0.9859997123730981
LQ_Wine02-B02_R03.txt,LQ,-0.020046858515759998,-0.003965362618987377,0.0021900955198295626,-0.19239592197677688,0.008275899566580716,-0.019326866778482277,-0.2569757463921043,-0.005937891904961456,0.006717540855840623,-0.0010552294574103344,-0.0006188390385295159,-0.01464210761366323,-0.009309760197958802,0.0017903912994120634,-0.0021303156551200223,-0.002844091870811351,0.4539818975102836,-0.15294062259393848,-0.005113703060808854,-0.0019101036331898083,-0.0014722033891217917,-0.00190268572140476,-0.02219205639026834,-0.0038684991430269194,0.0034515864995708634,-0.009316190238821203,-0.0012984416122005875,-0.003458765366961049,-0.30195789026724373,0.0584530920346229,-0.020543292579979663,-0.007948099237433592,0.0006866820047893761,-0.004230840420105021,-0.11835394196477134,-0.05868266699138562,-0.01505395964382739,-1.7476870791857655,-0.6745346450806808,-0.005377360531790978,0.0024650475128953357,0.0008944062221057834,-0.010545482456547434,-0.0190317506300103,0.007834111931597278,-0.0021850216559311407,7.330838931316743e-05,-0.849434013099561,0.4267858175768955,-0.0065902655363213585,0.00110611022551936,0.0004887215017172311,-0.001316080567084437,0.014777599045541658,-0.014989963219701374,-0.00551819751019158,-0.0002545976304896545,-0.001103242123125681,-1.0617043968147117
LQ_Wine02-B02_R04.txt,LQ,-0.0012673355600424313,-0.001477153611667857,-0.0016380734919255974,-0.06788655746544264,0.030391914168783576,0.45332403376238783,-0.1855099265613358,0.011160790285244122,-0.0015126341006685626,0.00034692074866747043,0.006252529464076881,0.0003850898684177751,-0.01999061124521628,-0.0018968125292775154,0.0010387766178801662,-0.0034794701056451646,1.0571319774790844,0.12191643072569586,0.003890752898478914,0.003232537413254475,-0.001129966853301744,-0.00041933607707564933,-0.04001997057012582,-0.003220420489274496,0.009172720407530794,0.0014725739435830082,0.004756265691304838,0.0038838818557614847,0.45458970770216833,0.24574652620167314,-0.009239380370726764,0.009266815880577749,-0.001828415064301243,0.0006088195348934635,-0.05946722542571006,0.12940620391284904,0.017209366421295225,0.23948962639797955,-0.6276806937785437,0.011345428671346578,-9.662196735373414e-05,-0.001254921091607905,-0.002118625016480691,-0.007005680884727384,0.004694221797446394,-0.004183252919420298,0.006696572455406427,1.327376147474265,0.07465089992577312,-0.00251872870622775,0.000697478173726415,-0.0015768270386046594,-0.0013525543815471872,-0.031805005626670116,0.0040239257414144206,-0.004877552260582772,0.007329242350026036,0.0006936092652297068,0.0337495091307769
LQ_Wine02-B02_R05.txt,LQ,-0.013652395238156404,0.0023220142217620487,-0.003924416926476001,-0.10547666243338527,-0.012301985893895626,0.08799782189911642,-0.09796940609004956,0.008465101648803406,-0.00019570567325631714,-0.0025039592362144296,0.04048360441562397,-0.006602097132837241,-0.0018916761594819746,-7.568886805119253e-05,-0.0019600225850922434,-0.005429204280057802,0.04597009471084945,-0.11864103106507917,0.00037381571090365864,0.0007175760181818184,-5.882102666562931e-05,-0.0002651425439686386,-0.0012740368318110915,-0.0124886938739021,0.0021431804563636983,-0.011753515378680617,2.6617104444034197e-05,0.00744802849312256,-0.3413139769423381,0.03945666956608096,-0.029145940233914442,-0.0032298311356569326,-0.0058191651117425565,-0.00011392637521752622,-0.108638241411602,-0.08508343592462174,0.004829993229807799,-0.9974951719734229,-0.3792427229619708,0.016217008520779903,-0.004266621002317669,0.00022530167904657598,0.012393671037327771,-0.016452126788692976,0.00021822074975028517,-0.012055602377037237,0.002636420340525184,-0.807610926198425,-0.13447532918787264,-0.0002271276486820273,-0.002229703702799976,-0.00017816098742602822,-0.00038166031975226116,-0.013773696470751705,0.00014075127942345025,-0.009189850430272015,0.008498562679844172,-0.00037781323486944893,-0.7125277029955197
LQ_Wine02-B02_R06.txt,LQ,0.001344361402022925,-0.002143688837377648,-0.0010263541539029097,-0.2505693135311226,-0.00834778470810811,-0.053008283870778605,-0.28970837950032813,0.0005030730339299118,-0.0003763590150335996,0.0009857949895477284,-0.007446370515189704,0.0008019974535503748,-0.0014786241965185562,0.00014779633708405203,0.0033508452568192792,0.0003892760002073784,0.6996470315184924,-0.07323118303618759,-0.005456457070565423,-0.002506783583788057,-0.0010195699277794634,0.0015032553824121365,0.0042732282949511854,0.008486926729966803,0.0006770976278110564,-0.012572731907398705,-0.00826724902945767,0.006450797239045513,-0.10317710777325884,0.116944144646691,0.0007448515666535578,0.0006755188959314259,0.004199827256730597,0.0023264166998330713,-0.07908565234677174,0.046716805675116435,0.004424320183438949,-0.047934436771353894,-0.3932952477504923,0.0030029091308892484,-0.003205297480735761,0.0002276351204393337,-0.010700490679538995,0.004658597309122837,-0.0006691358299295118,0.012771586903145917,0.0013152485807023545,0.12068738006900581,-0.03311506004747322,-0.0031906056371143357,0.0021364970683616044,-0.002549487730229806,-4.262937793241873e-05,0.052651866704754004,-0.014479837490183178,-0.005052868492572817,-0.009603719104021585,-0.0031240876664541052,-0.3075207704324101
LQ_Wine02-B02_R07.txt,LQ,-0.0019481262367487158,-0.0025710462840780428,0.0002648315757641463,-0.15795029929742901,-0.055715982957400864,-0.07620577440637621,-0.09686722148674676,-0.007948788992879907,-0.0029538276803922118,0.0022642420747447044,-0.02792972698343854,0.003966775523509445,0.015721120267742528,0.011657775511588668,-0.0034244310276587983,-0.009050515896182968,0.2980326423680211,-0.2344815129922968,-0.006644411925953297,-0.002990601662184935,0.0006250892677451508,0.0016534312121506013,0.014712672306344052,0.02755697491850502,0.0003790717791456251,-0.0032605481528648747,-0.01170309743687748,-0.0004747183240363721,-0.7251727505725798,-0.020617649247708147,0.014216997276126953,-0.00043289447298718834,0.0023705069323890957,-0.001437555542097668,-0.09134193695496928,-0.022596304026428538,-0.03400283839725074,-0.6254151619911177,-0.4820009028223424,0.0033685294034877817,-0.003338290328842959,7.158940778138759e-05,-0.03355276057083842,0.001236920396219799,-0.004671450406014322,0.015740742169291708,0.0017070478892046458,-0.4507226343259241,0.15499603484625668,-0.0008209795170892749,-0.003125277270680549,-0.0018508491850957964,-0.001691280517319485,0.031696576107377826,-0.0038384548425893636,-0.01188738018499164,-0.00694550097219453,0.007857008457207163,-0.911307108705844
LQ_Wine02-B02_R08.txt,LQ,-0.002498384518176265,0.00027408737794276146,2.1879235439489287e-05,-0.2834056592047234,-0.04150386510559005,-0.3793257360964093,-0.19606370420573516,-0.0063478107595509635,0.0013055308339997187,-0.0013492238028755717,-0.019572802990438405,-0.0025367595606185615,0.004000001394473554,0.0016098108165299822,0.004335797182142924,0.0035064452446133022,-0.4134248843245052,-0.08004821412980934,0.001664663444473052,-0.0002948793287744269,0.0003043185544039543,-0.0004063735411348005,-0.016393666299146993,-0.012647975944623252,-0.0025141734455874573,-0.0023273893190058747,-0.010057562645665633,0.0020350230429190992,-0.43235899305213765,0.0923037822512418,-0.0007672221706154407,0.0032554218379447814,-0.000292598553480186,-0.001558281512264998,-0.11002121452038258,-0.020820265416925388,0.007143733325321852,-0.49328434330104987,-0.26497606308622235,-0.0023461461083581735,0.001995700845226351,0.0008587120695287397,-0.021221504336117705,0.008890341398410929,-0.0020455974161022452,0.002353822162417042,-0.0026587552285917034,-0.15506784119023465,-0.13631044258808078,0.008309448193484179,0.0009428335096876712,9.20442752157771e-05,0.0011967273645627212,-0.04625637230973325,0.002674241079030657,0.009491101136259408,-0.002903706045789245,-0.00765972575936782,-0.5307087213542347
LQ_Wine02-B02_R09.txt,LQ,0.0034684658354589945,0.0001917500975252009,-0.0004072258894670841,-0.3997237613251603,-0.012803742125826773,-0.5879928385563504,-0.5036432586669459,-8.997865713069437e-06,0.002085253913868196,0.000833413804400293,-0.0009452934117651982,-0.00041337633282907335,-0.011324294379975185,-0.0019220433201740956,-0.002147950167666849,0.004433705627308614,1.011951569134263,0.13826669696319283,0.0048091142933216445,-0.002600666084393749,-0.0006373868827407652,0.0011085638757409968,0.002635453602866867,-0.00785395935163726,0.00729734712403244,-0.017630518626108115,0.008873762668393684,-0.0031101108232189385,0.4291713082504094,0.08353395585236867,0.004848067761438016,0.006098416424291276,0.002922053048312792,0.0014247556205672055,-0.095439522993534,0.061856120863673786,0.038477648486379384,-1.5769979287006235,-0.4219285154551402,-0.0027899181297554375,0.001444093521367129,-0.000623067838710255,0.0022546653121640683,-0.020461092310047987,0.010099808114139725,0.0018909250867230262,-0.009929237391801357,0.03748377946717252,0.09627501106406355,-0.008066910954974152,-0.003634999387740075,-0.0008665180160576564,-0.0003720415513295742,0.011827544718522471,-0.02440102751824256,-0.010085433551292444,-0.0024741982165840076,-0.0055776709240352084,-0.15148059220487742
LQ_Wine02-B02_R10.txt,LQ,0.0023725021419833837,-0.0018176638013057557,0.00019683926235078452,-0.15721165991139013,-0.04069818961347264,-0.00248181420922311,-0.13015074016790873,0.002303105193995664,-0.004541872822090934,0.001781151195389226,-0.007536236711202661,-0.008236108031363402,-0.002089645526416807,0.0003025010015330343,-0.00019049125631613248,0.002696698516713447,0.29019761401456723,-0.24397818831274332,0.007217648014310301,0.0023590693977470906,-0.0001817985390315409,-0.00017344126252241004,0.02193835123721192,-0.007402937846086146,0.011554845961207896,0.005183238770341559,0.019905893830206862,-0.003316109496151757,-0.651931136735421,0.005504932647770966,0.006959202516960966,-0.0019262245290490236,0.003573961968537403,0.00493785982038851,-0.08974731650604861,0.05057850833290098,-0.002639894448570962,-0.340368323389483,-0.5291363108556766,0.010648470780556417,-0.004079280720134221,0.001981073897915835,-0.020819008573358264,-0.0014965698133930973,-0.004069281053904592,0.010871891077094686,0.006554161564692,0.05284490970774414,0.23373692202117935,-0.00395292539369556,-0.0002934839986615064,-3.152832191884547e-05,-0.002901391197253521,0.01739634609986783,0.005208594543367358,-0.006773039362397689,-0.0049299396248681255,-0.002252253824291222,-0.7954047243685096
LQ_Wine02-B02_R11.txt,LQ,-0.007153147528002626,0.001912828454344731,0.00032178182053197715,-0.21268304692891454,-0.00018001880923389224,-0.09179110296981907,-0.22823839322415918,-0.012004554910356279,0.0011671563784585483,0.0020811626940575056,0.005967932723358264,0.01678303249510287,0.00955812981560096,-0.008931536456661239,0.0005560345627878141,0.004919066812550967,1.1955909808775234,-0.09747430170200733,-0.009987526125403608,-0.0009247945237508688,-0.0004708165324541646,-0.00012056247244907525,0.015329242487937923,0.03271632612429646,-0.011319694104739278,0.0072702351738757574,-0.004003832111333946,-0.005042673746970712,0.16359801551055186,0.159081003134393,-0.005235762037616074,-0.0009557690286748321,0.004749242984540872,0.000559020493077387,-0.09741577419098835,0.014125591997591336,-0.013926776756175003,-1.160228851359225,-0.43455548272621947,-0.010052702327436942,0.00014123152243910876,-0.0007218812855047971,0.012372937531874434,0.014975271032587029,0.011723133521548523,0.0054289684963513924,-0.0043768535569680645,0.5834614999380952,0.2617810788772925,0.0015382865498094007,-0.000416489297864304,-0.0014536410078149742,-0.0014855191042672028,0.05428825269534375,0.03805339661627909,-0.00013070772302932639,-0.00870049010724382,-0.003426183788076881,-0.2189770212053168
LQ_Wine02-B03_R01.txt,LQ,-0.003464786691572833,0.0023683081173768586,0.0026381351460023125,-0.09473359919421298,-0.01947764500293593,-0.266859173016571,0.0784786302138496,-0.004499113197465705,0.0019410800504216404,0.0006948278479298857,0.011880135750771598,-0.001224608633477748,0.0028537643673795833,0.002094373311095403,0.011893943233993315,-0.003636212342401712,-0.9771773987822758,-0.3435035091363601,-0.004541376571588005,0.0044766597280250595,-0.0005533880241867998,-0.0010000060353168622,0.022940297806224592,-0.014350727711581362,-0.0019044153083018285,0.003098814450047952,0.00090913203063081,-0.00055716882346953,-1.5035426093644677,-0.28954145050282354,-0.0024993341887891273,0.0053037635236464304,-0.0020738020038654917,-0.0010682260815674232,-0.07941333427423268,0.03384349721979699,0.010970849059347563,0.11159302079922817,-0.12315255806778946,0.0007578803392068463,0.0015566666052664858,0.00011597649654142349,0.0032450576130879233,0.004579437325957862,-0.009476278346828002,-0.003943533383191994,0.003470709973126338,-0.8665043288916912,-0.06437580249838004,-0.0027203294825540974,0.006223074991396764,0.0006529758749894723,-0.0005560866964950648,0.029776697480183877,-0.004260526808420311,0.006149296020951326,-0.002005150158879781,0.007961311375498412,-1.2549050527013674
LQ_Wine02-B03_R02.txt,LQ,0.00032115172351552396,0.005166467347343328,0.0008004547456775383,-0.1064120403341895,-0.05135176984108687,-0.2009563155165015,0.02801451550887535,-0.004518265637102217,0.003348095953170611,-0.001450324790484178,0.02384814425464645,0.003622804683953493,0.00845039023948225,-0.005081195151369606,0.002579521043484515,0.0021561700047079205,-0.6746388142366992,-0.1830796371058968,0.004115386333474691,0.004896889216959985,0.0006372374514383517,-0.0026697431399938755,0.01273182379028362,-0.020687307788646518,-0.015210203169931496,0.0032345433040258977,0.005741740521022446,-0.00010119695355114647,-0.9869661940090082,-0.21517276124216944,0.0070460317528368505,-0.002828168733805337,0.004038176939018871,-0.001540509875935142,-0.11897804166324653,-0.03748948794284385,0.011626167115907662,-1.2794101286787303,-0.4011118112291845,0.0007263540394549203,0.0017484151062345122,-0.0015797493144649388,0.006174621682308423,-0.0030797798955091733,0.0002200668397415585,0.01406747614444031,-0.004957932110420402,-1.835264721830395,-0.122396166329926,-0.006316874856980036,0.0011060006798723331,0.0012463430916128332,0.0010945167144415097,0.026926527027775163,-0.010319619179483985,0.02060890922637582,-0.005189807085786915,0.001022803827475871,-1.5151628519330718
LQ_Wine02-B03_R03.txt,LQ,-0.015731766185574612,0.0017707525078509965,-0.0014948592260260443,0.055652231842286404,-0.018422270842882546,0.43080265491725456,-0.02753832389911537,0.01421336769693281,0.007049781107427452,-8.167138609115076e-06,0.0586992046988775,-0.02205094120767458,-0.032952679504656995,-0.0032504359051808533,-0.007751753888311916,-0.005996184363686822,0.28082767767134076,-0.08483636385910587,-0.002838397564356266,-0.00029575769334619795,-0.0024771467985994604,-0.0006369981109264703,-0.03319968723106136,-0.02418944599659386,0.0008855639973601708,-0.011803784144593321,0.0001973088788833825,0.00423319859219808,-0.3661477682836227,0.01747797423943931,-0.025438570314163883,0.003993494677354364,-0.010246736967525975,-0.0015267923803386199,-0.08731833254440663,-0.06109562937002992,0.00337903392179862,-5.593675786831254,3.5057549889314275,0.014316150813779353,0.00511101274287686,0.002320460587952765,0.02467393940259567,-0.030455187694137888,0.016669407425193267,0.0014019308185134701,0.016596153158830274,-1.1045712738411106,0.29207902473896685,0.005171283627652975,-0.0015074234473399148,0.0016635649771841062,-0.0005060037751800045,-0.03638315841273707,-0.03359445818539861,-0.010727714952486068,0.0037192975186277955,0.001279899119626237,-0.7896097214619413
LQ_Wine02-B03_R04.txt,LQ,0.004148710995336915,0.00039009134984874206,0.0019752540086062477,-0.16070533993970915,-0.01472250497482118,0.09483640095786061,-0.19202020816326648,-0.016753188330066074,-0.00229166231822452,-0.0020847496108481883,-0.007748867033636857,0.011857044669916167,-0.0009666791143730334,0.007336899153420262,0.016284580612154636,0.010072554090971604,0.6690575880602028,0.005442148091735821,0.008573086351723509,0.005169326921985936,0.00020627164942827326,0.0018729140986041646,0.0563123354508477,-0.039349193217751884,-0.023718389240885263,0.00515206514792659,0.005674059259349855,0.0008873766593560266,0.172781822621765,0.1356901418050982,0.002788355917615967,0.0003448058497032415,0.0005837436274634444,0.0012656984763302296,-0.06575796501050113,-0.037230256915707985,-0.02767459899149261,-0.49467210266953643,-0.4648891497082994,-0.011058912557666261,-0.0037940905339070912,0.000910507294766346,-0.029095673502364347,-0.00034732412931057395,-0.006372033243267252,-0.010702224767704334,-0.0111871376808086,0.18076846010670256,0.012943519259188907,-0.012590930954938396,0.004558695387755315,0.00023486443343603434,0.002594351082316018,0.0021224775744820143,-0.01163575445288919,0.01238504428100734,-0.012220263335746608,0.0012362359444030733,-0.2443331266463331
LQ_Wine02-B03_R05.txt,LQ,-0.005887568950433471,0.00510956452462009,0.002139372766641952,0.18362293450182332,-0.051420671774978374,0.583942786262706,0.09228293163943047,-0.006347799502489159,0.003924736464326282,-0.0003795850813376957,0.010972484726241773,0.022370647093014527,-0.0029938381444996574,0.0147650235512737,0.002526172221244383,-0.005515424893253488,0.4406002159330704,0.15596323636154613,-0.0010826709193608958,-3.957555078071498e-05,0.002583053567637386,0.0003156256693711143,-0.010608336991031857,-0.01119157822451101,0.006665956416379347,-0.0027678650457256065,-0.0005235962469469497,0.010134937384913608,0.21630668457203717,-0.021929976947370866,-0.006532733340783332,-0.0030780952500799965,0.0028055766716127296,4.596242584540934e-05,-0.07476251603121828,0.007985296653476442,-0.03256149948795317,-0.7323581989271686,-0.5746076235427164,-0.007953676759223944,0.0009953635474378318,0.0010133024285752144,-0.013876780138737436,0.00568386637784161,-0.007840905285750672,0.00286632406704855,0.0034083760080033335,-0.8315840770828187,0.02794006455266973,0.00216565915121121,0.0012886929613637628,-0.0006642404873936473,0.0005715030912746696,0.005387003008343094,-0.005027292230112093,0.002166049127078586,0.0037186303141824397,0.005461007339132334,-0.7289044148367751
LQ_Wine02-B03_R06.txt,LQ,0.016527241819973074,-0.0010755012937868254,0.0003922033484369459,-0.034597130541101584,-0.0039102474903937035,0.3893698992547714,-0.08386497690180583,0.00832855632397119,-0.0010794553496174097,0.0025898055198260604,0.026449460887107697,-0.0015491324198409987,0.010510775156907149,0.004972812904280368,0.006462165140742741,0.005417993281463598,1.2253119883680288,0.06663792753436149,0.004222345115266353,0.0022422790088298104,0.000995566514127426,-0.0023460782908006354,0.004903971226827671,-0.005559363899090368,0.005038770489644736,0.008395824245782656,-0.007960368027166301,-0.009133815310645938,0.5946615998638878,0.18061865435068603,0.014819436088703099,-0.0020383150062751806,0.004644102933245282,-0.0014807787235186119,-0.10592583911653788,-0.01195533382041647,-0.015215626215529708,0.30727666111258767,-0.44518848152071033,0.009597744173132198,-0.0027865075895843363,-0.0007264940357041936,0.00033169172233167565,-0.0034181983922599597,-0.011074211290216181,0.005459222490785601,-0.001142117287519161,0.567185124075543,0.0837074579726953,-0.009509315039665752,0.0012133575789075946,-0.0026622578690657928,0.0003971031109452352,0.043973443763291806,-0.026323523958113312,0.008596156641333107,-0.011007218188467317,-0.009586894110590927,-0.047350856301425104
LQ_Wine02-B03_R07.txt,LQ,-0.0029768525794033746,-1.720992237110936e-05,-0.0021596055174664046,-0.061989149166906676,-0.03723142105941697,0.26569295628126177,-0.077302220567816,0.00013411093368639263,-0.0010282474679323556,0.0013295920977457847,0.013088335567341104,-0.009544495850513627,-0.009508727424133723,-0.001729753952326699,-0.004209524195699148,0.005450266317312196,0.8420291283038157,-0.09766334171572144,-0.0019365342365265086,-0.0033610669452219244,0.002678113351405268,0.0013415167605328794,-0.007827505223285292,-0.009173159738338389,-0.01680197268975147,0.012365775135863174,-0.00045637448369933433,-0.005252249003038785,-0.2528592976477193,0.11251721141970594,0.004722750176650004,0.002198486001334631,-0.0016721161690766758,0.000664798739194422,-0.09899315554012894,0.006114097590730977,-0.011201843225267115,-0.09168656626502347,-0.47073349663424935,-0.0005202210685488097,0.0011146304266846834,-0.0014662420596027916,0.019052136263768046,-0.01051111257574334,0.004057874495788911,0.009563086315736928,0.006319625821796562,0.16010144975767648,0.11182769115385516,-0.001103088322279554,-0.004196434474406344,-0.0028910602094999144,0.0012713602019580863,0.009476804955979868,-0.009814580736643017,0.004156800280333125,-0.002416667658737336,-0.011037748615385527,-0.5764617900851632
LQ_Wine02-B03_R08.txt,LQ,0.0032177783667650746,0.002330409510179688,-0.0029511495441899623,-0.22395119405797534,-0.016388671323839768,-0.02867096313336237,-0.24160129990564805,-0.009222398405449049,0.0011579739734188235,-0.0006652763138027747,-0.036182755396353565,0.009095859955571996,-0.01351805543132428,-0.009463129365938674,6.152922951830741e-05,0.008168194492877236,0.9568608287624762,0.053760447181588567,-0.000720493382470648,-0.000166683034221429,0.0014118337973608806,0.0017350579617895334,-0.009099588791380973,-4.902806009043567e-06,0.0018794136187843709,-0.008101769955260288,0.0032981920812182584,0.003341974670465409,0.6256925268919211,0.21125738063858557,0.011397981525961932,0.002784538131158428,0.0022713687436510806,-0.001611704226148917,-0.09241909856582844,-0.011057638293862346,0.003258909890034238,-0.6111245351026637,-0.5998335418676541,-0.008230843373498213,-0.004269359791853536,-0.0006427374120755822,-0.06637239143558027,-0.003896073064777862,0.00777276220533908,0.006542830819882348,-0.0076340517206826735,0.279099771795968,0.2290996572933175,-0.013624198073372226,-0.00051215188314759,-0.0009182845388092562,-0.001231226674786917,0.0003262910157000097,-0.013939627899803207,0.0029598613667829806,-0.005949685893307528,0.004683586307570099,-0.13365835125279713
LQ_Wine02-B03_R09.txt,LQ,-0.0018021285507239552,0.0038182332040867305,0.0007260667714338515,-0.0019056270012616228,-0.0391034687376139,0.3006795981471635,-0.015497015479732035,0.0015279743479053047,0.002205436733553757,0.0002201408942791438,0.04867580293882422,0.012129808001988035,0.008059887502744893,0.004583292372923443,0.0011260296343702427,-0.002335051750104551,0.5600339894759845,0.09476312477879195,0.008149015538603161,0.0029445818206125882,0.0006660146797865015,-0.0005162416768584224,0.03594451373603498,-0.025845653740745878,0.002065764240474369,0.0010055162784661474,0.007483142006114095,-0.002126386620431107,0.38765079641429256,0.048198250175753854,-0.0064007168948557415,0.00013046230937741315,0.00020085184791499922,0.0020712510687717718,-0.1305370845754812,-0.11848219428561997,8.773072308303903e-05,-1.3523534393186614,-0.6920390254651032,-0.005444788265951993,-0.0004073213484377054,0.001705343501054106,0.001989542692698465,0.006506752215434248,-0.010792418107712446,-0.006026768083005818,-0.006445091840375928,-0.7686431436861829,0.35986883622392773,0.007935347650017023,0.00029443946933227955,0.0017834937932717327,0.00019343365839361487,0.029810125726355968,-0.005216226222881319,0.008593889275039889,-0.006670158975714978,-0.002090073974439754,-0.9454804493285522
LQ_Wine02-B03_R10.txt,LQ,0.00554489598213481,-0.0023926069032139505,-0.0004541496320710712,-0.20288091071242959,0.02493743097203631,-0.19806197641958434,-0.17055412706330397,-0.004244873584625338,0.0012975947146395893,-0.0008233221774124714,-0.026163418456543,-0.005619077635066038,-0.0065538477840836225,0.010860249209824103,0.0036847740873986127,-0.005599234928795474,0.38333341803795395,-0.29352113879294206,0.006434159810787718,-0.0015970499227966337,0.001226001356521364,0.0013656364826138052,0.03542464652076954,-0.02037237681708022,0.0025263883053353716,0.003471154967134139,-0.006929949208474739,-0.003576029380798512,-0.6790431773722378,0.033361576731302245,-0.015570535270850217,0.004492050898526748,0.0015929161512673851,0.0020525799212238872,-0.08354359319731468,0.05261749373387849,-0.0054256611185475746,-0.7444773375858302,-0.5033640012700253,-0.0017934361145505663,-0.00042938097122612333,0.0003162473787371516,0.0244355324447622,-0.017398740295336605,-0.0025097111442826123,-0.005563842282751078,-0.00386125887537508,-0.003858077957046291,0.272837213978383,0.004575769931906911,-0.0014201482245657494,1.6199968655045577e-06,0.0017384653259233313,0.03468580902731082,-0.0069878848354062014,-0.004529836517904967,0.002754644016524499,0.0013805677331180585,-0.83771314774994
LQ_Wine02-B03_R11.txt,LQ,-0.00044253036885486766,0.0012300605047230746,0.002068381313187471,-0.18606870292807426,-0.02439914098101066,-0.030355428276756413,-0.1691067240284836,-0.003220796227523845,-0.0020715470016322204,-0.001532935640583516,0.012422304926151085,-0.005132413958866124,0.011844100529635679,0.0065454080555271636,-0.01150263903718534,0.0048347567299427945,0.1920057219772655,-0.13321921905326173,-0.002871065960871552,-0.0005475632049723215,0.0015074990942938844,0.0002971071648440456,0.011739618616033148,-0.00011821044277633176,0.0035623075354642595,0.011697443156475924,-0.001776129534825878,-0.013381962621250775,-0.4547993682168112,-0.0025822203069056915,-0.0034584079587539193,0.006829959984928467,0.0010000896063634451,-0.00014199720806718015,-0.09401495571167341,0.03922255933189377,0.005897403505115011,-1.6252708586644733,-0.5201092767097713,0.004850826013888442,-0.0007532848613271269,0.0016773203265970631,-0.0034087816441359803,0.0033005695820383964,0.006129357205835156,0.016176405936751466,0.004716528267819653,-0.8592815368747404,0.23751190871152028,-0.0037094504708454676,-0.0014019346440971143,0.0018707421851359325,-0.001152773410237067,0.004680933459961253,0.006304696335908387,0.017334072538473917,-0.00887750955824705,-0.00896150797237991,-1.0426643779020024
LQ_Wine10-B01_R01.txt,LQ,0.0071866946322974145,-0.0007203862743494507,-0.0009994795002287262,0.18398311254931488,-0.02088622333900135,0.6531062980215641,0.007849932669926396,-0.0025756735761312223,0.00012276375112968765,0.0003608620287648744,-0.00762007770868664,-0.006663354245941643,0.009346570593905887,-0.00040137869139636635,0.007773314192294313,0.0013401592786179686,0.6944603855862894,-0.10610558231428868,0.0030206022681108047,0.0022579903626313213,0.0012999878508208244,-0.0005136963152376918,0.022096302902732495,-0.011020253027031432,-0.00032937880485302447,0.0011174261745224342,0.002448050554131554,-0.0019037647615945277,0.13518162260001532,0.11081801625234866,0.00229467138620171,0.0015117253318038242,0.0028275814438939472,-0.0004047849081712712,0.024785800006720315,0.02358713887406942,0.003485162321738365,2.19551944444217,0.3505825656891064,-6.658692705543859e-05,-0.0010585761002410645,-0.0005371769496291564,0.03589427154858886,0.0014131646046727977,-0.008289350935083482,-0.004210309606976694,-0.005887216517077325,1.5814681502765646,-0.19143814764549427,0.003523431472782025,-0.0012852055440691025,-0.00041370650848415193,-0.0008174984833894443,0.03360170585768122,0.005066913138303753,0.0001661029649192309,-9.931032706863565e-05,0.002300682159581049,0.4535607550725129
LQ_Wine10-B01_R02.txt,LQ,0.0018672694661031608,0.003635205648693825,0.0015807948807054215,-0.16000958702508075,0.004474703951008421,0.010113612619370826,-0.1718880587303797,0.000297687888912907,6.2025302026021e-05,0.0004323126698333765,0.032553326910184956,-0.004734793321468846,0.005454741626633883,-0.0012307892633533126,-0.003944542949405549,0.0042390934577319645,0.0693382594572336,-0.13091325223450023,-0.00745706645496225,-0.005359969764840845,0.0013622306286311808,-0.001469166700784875,0.01339525795952723,-0.009829164260008879,0.006588419495271855,-0.022162613687149623,-0.004376159791991758,-0.01298604656611829,-0.5763899377504949,-0.05256374418436627,0.0023512120194587563,0.004334486769855768,0.00018207411997596263,-0.0007316702969023149,-0.08294648971779597,0.04672734433852108,0.010528005841246569,-0.15111387782612962,-0.3750264317226222,0.0018791525404181428,0.00023046550639156687,0.0005270083611368501,0.011506649335675759,-0.002565390852396548,-0.016614834393324993,-0.005468827022230398,0.00975997667760248,-0.21131791116989973,-0.010712089991835816,-0.0015722775625109623,0.0016503408795824747,9.869442574774588e-05,0.0003945697963805154,0.01626726838296608,0.0007242199596263479,-0.008364444504558397,-0.002825591512810426,-0.0016832001773536597,-0.7341634009697717
LQ_Wine10-B01_R03.txt,LQ,-0.020835235087149177,-0.0009613054572251973,-0.003777600315036032,-0.10928825290383748,-0.008623598448771114,-0.029746049900251315,-0.07563916500046997,0.018561752767327827,0.0004886543850657197,0.0020832040957939335,0.04241313723085117,-0.005502357019966488,-0.0272901386679917,-0.005531379435008256,0.0024347226282480537,-0.007592930328307984,-0.28072016313986836,-0.11234923572945832,-0.0004127556009153302,0.0008352859779652566,0.0009035900753951089,0.0005558928101379065,-0.042620428942192666,0.016040097998579528,0.01418963886400675,0.023047695234938763,-0.002330505726742671,0.0034853323524535003,-0.6811766437964075,-0.08680703219620223,-0.01563926413972114,-0.0015452320214355596,-0.0032414350443485465,0.0001416378347736703,-0.06770996740003017,0.02451317568228114,-0.031054610278186266,-1.3100998206725087,-0.5164515573823358,0.015244513533505581,0.004146153837520177,0.00020369800569184526,0.054781114562398966,-0.022533751563818497,0.024565417428667503,-0.004330106083878582,0.005780760031805101,-1.2703723469251962,0.09802350703627316,-0.008013757718814905,-0.0012015413370563808,0.00021037729951806756,-0.0018676329553051127,-0.05286371403288004,0.004384598467142855,-0.03217304421398505,-0.0030081680638354568,0.015437569971544121,-1.339639310046813
LQ_Wine10-B01_R04.txt,LQ,-0.027064833713825155,-0.002175039684724135,-0.0014591334191562933,-0.3315749389287993,-0.0287925313228833,-0.30693687605233944,-0.367771975912218,0.009423522954978312,-0.0004976206302995229,-0.0017231857611750274,0.038180862080863034,0.004972624457824844,-0.010612950640400041,-0.00888678759770612,-0.000492622391050088,0.0031851486895289344,0.28950000927441444,-0.0021985542840881056,-0.000719916055971619,0.0016997833886092959,-0.0009370415439365857,-0.0007873627150185247,-0.007376793193974225,0.012120670579841945,-0.019965893633062427,0.01336706509906832,-0.0029770205886188264,0.0024458102680177786,-0.7184136549142508,-0.13239103734353308,-0.02533615164696096,-0.0048295511486744986,-0.002288444672106291,-0.0021954095455822046,-0.1015758873996519,-0.0030772568100697895,-0.019623103008515885,-1.798706651584614,-0.43598444627060307,0.011303026804644052,0.0014093314193457463,0.0030374419604239622,0.03297292621838781,-0.0033088178988470076,0.01246561812218004,0.010553923778018483,-0.002643456608590745,-1.277019418693615,-0.003519791920665538,0.0001636165028618393,-0.0003032911757561478,-0.00016876229065614426,-0.0028156957551144658,-0.027833501152018436,0.010395597906305246,0.025642705702467957,-0.007523309936224177,-0.011142748839627108,-1.1413240963958093
LQ_Wine10-B01_R05.txt,LQ,-0.008686862463405078,0.002617374315613271,0.0027179471160158446,-0.21739488168930565,-0.003994280074436987,-0.03272388106338653,-0.22476280882681277,0.003654679939355367,0.004638760437145862,0.0005685070299380668,0.04755545892691705,0.010687815682390573,0.0010462419772952168,0.0006112622348516429,0.0024159050595137926,0.007433070121660603,0.20796478146478758,0.10934313455114864,0.010585466623537742,0.0023327625577214224,-0.0022892454048717426,-0.0004290167564825703,-0.015020399083027568,0.0011274458732240256,-0.00031899882788088496,0.018612969351963375,0.009995685045316897,-0.002156155188569277,-0.17622527990754344,-0.057925864779220015,-0.00998124382490979,-0.00028661278938449787,0.0037549614777916134,0.0003559637364930631,-0.09517081788388536,-0.020662098940645662,-0.025217930202498802,-1.7159694888032329,-0.4057051575876063,0.0048725547295824815,0.0034458125492215835,3.0515976244986707e-06,0.018315332109917006,-5.075006880457013e-05,-0.012961732871639278,0.006356188112094169,0.0027742140876371663,-1.1799553928246773,-0.026865626738325377,-0.00675732508321796,0.002597617079973296,-0.0008378090887699345,-5.145762705462207e-05,0.004863307825790634,-0.010491899420744126,-0.0017812409535050639,-0.0075672774478712165,0.008659996137681609,-0.9011528024155311
LQ_Wine10-B01_R06.txt,LQ,0.00628988385948035,-0.00219603747612859,0.0011732043657703777,-0.022988470545729167,0.05346375576270012,0.5618658971312183,-0.1290893744591477,0.003206394152642356,-0.0011796145328830227,-0.0006112883430866115,0.008351608797341828,0.012394157250810669,0.009351417199955388,0.005667584838107373,-0.010711823652071323,0.0025139317778130246,1.2206768040627667,0.1701875501077842,0.008089541405799625,-0.0006328788581459702,0.002190041904652554,0.0007252442323179487,0.011554970513165216,-0.00643471701691257,0.012078484993333449,0.00257612423137071,0.000916694578262124,-0.001452996547896746,0.5447900931323186,0.12798782166697786,0.0010632184283888403,0.0013675257989599178,-0.002893692860281834,2.6609219240958127e-05,-0.08270485353811878,0.08749438153304884,0.024989717154436545,0.2622820771418519,-0.597563222393525,0.010426961196064434,-0.0035907738426987764,-0.0012713303271175498,0.04365625318285148,0.00053688037071805,0.0028614310107809736,0.008692270040354229,-0.0013837610264965075,0.6636010110007753,0.10054904560595124,-0.01171557953956058,0.0022624325029987147,-0.0017836713134000866,0.0009613195755096655,0.0464310565867502,-0.013679854901117217,-0.007433619934473375,-0.014892776769374404,0.004172340054135528,-0.0279170980319563
LQ_Wine10-B01_R07.txt,LQ,-0.0017221183427026197,0.00158617943212439,0.0030766328422225956,-0.20529595658717165,8.471860637085382e-06,-0.05320762578603322,-0.21557328838659284,-0.004207819823690351,-0.0016278463704225764,-0.0006842576007992357,0.000908095818078998,-0.00017728199672953533,0.006637189439316741,0.0025585712927326757,0.000381824367292327,0.0027193232098107808,0.6642367938534202,-0.20423372438836696,-0.0037413150093536978,-0.003995319200941562,-0.0009487317599113565,0.0016578564967296761,0.022941836764612627,0.015225591627928118,0.0006957114666733804,-0.00223319520576384,-0.010019947234062916,0.004598994925294192,-0.36489311076991715,0.10281684220950815,0.0037405176446004204,-0.0020046705543333835,-0.002579263265984867,0.00013662143338914992,-0.0747405651831051,0.019743575819985114,0.020375352389519905,0.03235452271997197,-0.36187324670629817,-0.002811902477793246,-0.001693098883750471,0.001473704281372169,-0.0016123118064729908,0.0019294818861534998,-0.006940848732130158,0.008416857773371544,-0.00404531614048541,0.2425509363317957,0.04975769608637992,0.0011572170486141846,0.0009975592341247245,0.00031739204443046294,0.001986052369743268,0.027616459189991192,-0.004656722853400988,-0.0025092730268261657,0.00520554702998888,0.004179824100089441,-0.4232677123815378
LQ_Wine10-B01_R08.txt,LQ,-0.00355207159433525,-0.0003008318428953095,0.0004773753057387923,-0.10940814737912641,-0.06101478934774403,0.04419849127059283,-0.05656953436051815,-0.00836298013823895,0.0019600005744817807,-0.0009669469778985658,-0.037307621938777964,0.003711423291182009,-0.00814026512542134,0.00032537797748211084,4.666558535403216e-06,0.0014049304259157042,0.16675575572064094,0.013797668835039523,-0.006438300480786975,0.001028862065228955,0.0011282346982603192,0.00016588008166588616,-0.03033923907298406,0.005962918474132282,0.0021137017121692775,-0.0071822713068314635,-0.006934782823202109,0.007183769733506494,0.28045986959479974,0.2134441367758868,-0.0067459348302067795,0.0002792396798574915,-0.0027205333096573707,-0.0007478894652176069,-0.10050536446662603,-0.01939183144224886,-0.006325092810925142,-0.2920143695502073,-0.41213299834404005,-0.000365530026523051,0.0003100243987429944,-0.0009558261801616797,-0.01281917916288458,-0.00805797854494742,0.008095455678310055,-0.008837792945499216,0.009296371546527465,0.6703517726963044,-0.0749165502774145,0.0029794140503277373,0.0010168289196339666,0.0011437046373992921,0.0006667299195660213,-0.060074194400994776,-0.009133216933064521,-0.0004170306193626728,-0.002125773490424012,0.004277742154042056,-0.031194176827512354
LQ_Wine10-B01_R09.txt,LQ,0.0008584361064952221,0.0017419139467192172,0.002812693713177052,-0.055019504828202614,-0.030588464958134623,0.36807725507460276,-0.11953998871300797,-0.002679499794146217,-0.00317828568227837,-0.0012429673771160261,-0.01077102508221292,0.013423917282557722,0.0021173636569520003,0.01720291538885517,0.011966092993918046,0.0028782302124678444,1.2346711956898755,0.08787216472449344,0.01651742597355901,-0.002626950124176323,-0.00042050327104419064,-0.0004026337124850031,-0.005363736584503606,0.0019866514282546027,0.007246136690377819,0.00842537455219885,0.01444280067819685,-0.0021253859133756902,0.6943993228746095,0.17106593533768044,0.009731559440621625,-0.005883706094418631,0.003599272568267864,0.0048920891472527496,-0.11482997507221097,-0.016637072737899272,-0.008979454407024289,-0.7687267771639501,-0.8206344072593952,-0.0005870548441382044,-0.0006402162089231623,0.001386484085424805,-0.02757867013714005,0.01337948998985587,-0.007995557012883679,-0.0015944438844397984,0.00098560640894078,0.18438732673054758,0.48510097547699194,0.012913530843407742,0.0025112610732114355,-0.0017939122429825162,-0.0004039076299132822,0.011594636863446372,0.005989501249302724,-0.007123643191694868,0.007459136595265788,-0.010442808387428032,-0.30222737499665664
LQ_Wine10-B01_R10.txt,LQ,0.0035408514030728544,-0.004695035962505031,-0.0009537877505040645,-0.019510623657378157,0.0088765567950254,0.45563323514639986,-0.10625853740402214,-0.003546236851044734,0.001923489267721306,0.0010437007063788099,0.0037121460647195174,0.0083460760222625,0.008278901776802931,0.0034010682199238484,0.0013562038454339427,-0.00028024845129869403,1.1946532763801105,-0.0073832489116741895,0.004480601282247223,0.007010223160527887,-0.0015501532004398525,-0.00012904183926945253,0.07892418499356954,0.02096895391216573,-0.005991291461018304,0.018665763288911036,0.006015697631385953,0.006500832435690895,0.33900102335694804,0.14766909613676682,0.00449220334271274,-0.0006970176555508951,0.0027628585846851727,-0.0009372962660127627,-0.08432865850549805,0.03166951686114439,-0.012157208521223444,0.20573168664377128,-0.5977504348962999,0.0015588850108469725,-0.002589159568194561,-0.0005793795447196189,0.04974336775413932,0.009440838250231951,-0.003511714645516467,-0.005218432989458284,-0.0008763250483705854,0.9383968126908897,0.22740985088229615,0.0010220884913324083,0.0006029363217448497,0.0007695335319431427,0.0011746670445981246,0.1160575875008729,0.0008045263652731328,-0.0011965037714068896,0.0013926212409081872,0.0009354520731949483,-0.23536390982621214
LQ_Wine10-B01_R11.txt,LQ,-0.0019157391411750886,0.004052464430270229,-0.0012065356755710265,-0.07311823421463892,-0.030748985596283654,0.2659573634201262,-0.1082352018680437,0.0008866162168583489,-0.0012801481902367964,-0.00018038764546924457,-0.0004600389762166382,-0.009062619137598484,0.011306418709380137,0.011711685111705413,0.006120133848439564,-0.007757529953799382,0.8408213217876916,-0.1690899150329339,0.006552988718548472,0.00033718065833080694,0.0002940707255901043,0.0009894335560895887,0.01761141278004632,-0.009027528659560942,0.014145082472526454,-0.00024120162719340737,0.007201069558389251,0.002070439737864081,-0.07626548836164337,0.1548136876156021,-0.005338686707625116,0.00872252728487576,0.0024469828665096547,0.0013048489439005737,-0.10277407048810779,-0.006588251608386594,-0.0473464506179692,-0.6688041787827128,-0.6210809837069089,0.0015803914045721627,-0.000279027060903117,-0.00010400381711508848,0.02043735477093018,0.001280285758148746,-0.006236632425225676,8.013454692556684e-06,-0.007199390296145756,0.506322313378992,0.3238137287561351,0.0021610986371181154,0.0019074297660113043,0.0008642193315598546,0.0002081075005170801,0.021628383437623404,-0.0034893558496246644,-0.004953581161492229,0.0016879524445399792,-0.002407847626984124,-0.49414387612701205
LQ_Wine10-B02_R01.txt,LQ,-0.0017910227434989635,-0.0034353720438534572,-0.002433205539276245,-0.02896990625725715,-0.041821701283387844,0.17714424623670766,-0.04005691047324511,-0.0020099765348834875,0.00027565855062432513,0.0006940121754436156,-0.010247899716713818,-0.010053595030265532,-0.002908382579403481,0.002452196617152038,-0.0007842043031474058,0.0014130474263524054,-0.05598192477134667,-0.2289550367727139,-0.007029012682375564,-0.003236001441749326,5.266134500997883e-05,7.827919568493082e-05,0.009330857986276534,0.009373944837322635,0.013790848738426361,-0.0028995730272579085,-0.009680987605038232,-0.00901359681448251,-0.6979052809524791,-0.03884839089666903,-0.007622559052332994,0.0007974167388483713,0.002534068609942648,0.0016713386382353403,-0.06554869009471179,-0.011800317486031928,-0.00046834889851538226,1.0686522357378747,-0.03466273218211313,0.004370783355145989,-0.005024645552597022,-0.0013075972644636758,-0.01024200939763089,-0.005880975206502844,-0.0002751457445133842,-0.0004641954384164279,0.004405127630574868,0.40997182302819457,-0.05243485124668301,-0.002125984167449428,0.001787973639173346,-0.0009092907862011584,0.0011265999721623066,0.01768252023072157,-0.00647483268774032,-0.002282784282017913,0.0021877261673479637,-0.006313950183481998,-0.47495511590052963
LQ_Wine10-B02_R02.txt,LQ,-0.0015193122210453713,0.0009661516493685214,0.0027298988507751375,0.04711583491196508,-0.06313117727444505,0.4341696529845489,-0.014381268423196758,-0.0021683593524688734,-0.003228915400854698,0.0005904575950633631,-0.018394692569851295,-0.00532001385167539,0.0040870792790063774,0.00876297886266734,-8.962845234769708e-06,0.0027888211428984027,0.3576037556325229,-0.047955987387830246,0.0030088950707327453,-0.0007894715620423233,-0.0008533903123415323,0.0015416818767372462,0.0024860261348041805,-0.016850543656397918,-0.0006070684073525862,0.009404884469185798,-0.015946208451653496,-0.007717368565328199,-0.36352626276896727,0.014297485377369856,0.008669438855187306,0.0007488766616692996,-0.0009477776169727212,0.0009881325758334801,-0.10468484659288159,0.03908313159107004,0.01653585190923506,0.5317850364031189,-0.4044456669194725,-0.0015925198282185906,0.0006683590205273492,0.002349069825735473,-0.017560403856425738,2.8356535762616777e-05,-0.01147277088271244,-0.0029156582646714894,0.0002962666184774985,-0.024190432857414734,-0.012333625426504957,-0.0014096252238737796,-0.00041712689397368125,-0.0006927202972252225,0.0006387800022501977,0.004065723017358176,-0.016091208301068773,0.011589661960631405,0.0037534062319723475,0.0138566867163703,-0.6265058478109635
LQ_Wine10-B02_R03.txt,LQ,-0.007138458431130751,0.0008837096028559196,-0.0030600321597891644,-0.09356410588515096,0.032793717226083194,0.08589759182590218,-0.1288449222171426,0.006718383927522203,-0.0009290524621550016,0.0005709413125061715,0.012907085172711802,-0.0005294942815283581,0.004860986271715977,-0.0027561555913752566,-0.007787807253439823,0.001073983066142586,0.27725435103276563,-0.16462944483603248,0.0004425384942617017,-0.002499887961338447,-0.0022542283104796624,0.002714249311097774,0.02589003310677502,-0.0009156855880033173,-0.008985053381179449,0.016164327655787177,0.012359695787098056,-0.010777130664624152,-0.41500064130851655,-0.0009957776583708888,-0.013690479624641035,0.0015338629885680503,0.00032602870251666595,-0.0009513051113494739,-0.06397529455440223,0.06485926494543495,-0.031740963895718316,-0.6121376769842284,-0.6176696179403374,0.0035809511034349643,8.420611389764221e-05,-0.001314567091666393,0.021341061927254275,-0.008310274753197183,-0.008748833591092822,0.007051660011233733,0.0034472083839822395,-0.5177685091902813,0.20111051409833824,-0.0018302565208909542,0.004279754340822428,0.00032281944919253025,-0.00015700735439931948,0.034157785647839084,-0.008079905318697886,0.013797176477583294,0.0009138461518090782,0.004575462571517817,-0.9145816652839285
LQ_Wine10-B02_R04.txt,LQ,-0.015895451103325603,-0.0023988446939322925,0.00033901081057802684,0.08156519340613783,-0.05158603256861456,0.4704555095428322,-0.00846595233543912,0.011659850913630719,0.010790693705868831,0.00046586798602922747,0.055543944499822556,-0.013741077659246433,-0.024675950832291755,-0.001523570075595941,-0.0014388535433007442,-0.007892938498695677,0.6091367046362652,-0.07233561337066718,-0.007972028929419929,0.0029763894334198754,-0.0006834771609418775,0.0009202134004202613,0.0043696076521043195,-0.0031470570573950783,-0.003968367508235516,-0.001643495286712361,-0.003317225249117937,0.004466292231882177,-0.4382556156767108,0.023942288849675197,-0.016038989877898056,0.00046616039795847615,-0.002901871434788769,-0.00276374617002164,-0.09327574238184372,0.024369699410336357,-0.0002636913536928579,0.4899639128421658,-0.43133941834654976,0.009959963415947846,0.008173949778316685,-0.0009655106379964607,0.05025028214751195,-0.028690916736173737,0.007587899725462335,-0.013391656702110104,-0.004275675481796442,0.051550645465955114,0.041524089536324915,0.0011766544076422473,0.0018093720049081401,0.0018651136518746127,0.0004233174860254376,-0.019333909371567946,9.065059107677114e-05,-0.001357721735310592,0.007597460977643224,-0.0073327063438218916,-0.718048639542674
LQ_Wine10-B02_R05.txt,LQ,0.00964382661550061,-0.00236867502816924,-0.0009148632378976529,-0.11893319227813481,0.025840272482651153,0.1472863432733993,-0.14546461324975457,-0.0005573826341295342,0.0036430875667096655,-0.0012925698667477985,0.007688786051853098,-0.01133505843109848,-0.014137978205718969,0.001104864770631462,-0.0017815217442858052,0.004635222876040922,0.20576358028242137,-0.027545990117203045,-0.001298974831781677,0.0014938265134883237,-0.0003399925394456028,-0.0001198068793567302,-0.019037530245334208,-0.01844937182881412,0.015457204519436841,-0.0034290177854616097,-0.002447232930359045,0.004685255839596807,-0.18262397879086478,0.017747969391042284,0.0033071125585526695,0.0031817256907675697,-0.003557937075058492,-0.0019114655732888263,-0.10709168986204633,0.016684719996035186,0.013830345449985612,-1.3110805143574478,-0.4756580549816567,0.0017543281652935892,0.001227203692008558,0.00037090851268089116,0.017422239893567625,-0.021371638123537207,0.00364711578593601,-0.0020392248744291615,0.001242152212226664,-0.9914187941186516,-0.06912164664704368,-0.008173202270895897,-0.0009200834772050818,0.001017038894235349,0.0025090755440972425,0.023771943130761433,-0.011757708474132125,-0.0023512164552927477,0.0004151119828993202,0.004969757227815489,-0.7555722694638995
LQ_Wine10-B02_R06.txt,LQ,-0.0001317436368989157,0.0027728136682988323,0.00011802792933522004,-0.011525410788068235,0.03848407125873178,0.3951805172705152,-0.08419516620975376,-0.007594364478113301,0.0008842766963341339,0.0018037039419819467,0.015338445166824068,0.0032187816963674797,0.004099197971254971,-0.004427475447936133,-0.002852362509767511,-0.0016397700389517269,0.9290412202334561,-0.02005500288608497,-0.005093352778190653,0.001139057332167065,-0.0030859043052588755,-0.0004071539317934094,0.01528774011308856,-0.009844076715528479,0.0025525685951056348,0.014840401961727298,0.009948697396724637,-0.002898235869898883,0.20659123756227427,0.15722142225811253,0.0009224609651789601,-0.0027029042659036696,0.00026639402150632643,0.0001673393278188445,-0.0793590344129325,0.053686145596875914,-0.013177145000288737,0.3572248250166963,-0.4027980307379142,-0.005698209335888103,-0.005248623793083677,-0.0006060814904775546,0.011221189779443138,-0.005229328812743595,-0.010540217743660646,-0.008206672246960856,-0.0015737313150500345,0.45139777171100715,0.06892357479482847,0.005547250630068142,0.0008631328259216529,-0.0007820524545546333,-0.0010040975022139688,0.052765079197958656,-0.006393805649499562,0.01320093614407766,0.0016838077112575484,0.0036123216541479007,-0.22884697424311362
LQ_Wine10-B02_R07.txt,LQ,-0.002343011513214586,-0.003961300279938588,0.002582605114338071,-0.16509726337926767,0.006575664499152908,-0.028785844301810748,-0.15873929940812825,-0.0025703189447071565,-0.001458033640405683,0.001977362852689689,0.007629567640741273,-0.013590379472269879,0.00882931871558017,0.0038954853302489156,-0.00797253181195217,0.001771440277331197,0.6130870126729961,-0.2711996630670207,0.005503059138655906,0.0007196440746098278,0.0004774964016667793,0.002068761595642316,0.06560112219030881,-0.01116512652221015,0.0012207839086229239,-0.010991206020029324,-0.009594084156654107,0.006304685434782109,-0.5458661241294056,0.07126097499295225,-0.009280558695400731,0.0038969418977003903,-0.003583091843056066,0.007590343693665771,-0.07312338339758813,0.07825913372084509,0.0008996282425801482,0.15494133737653915,-0.35051106582783653,-0.002200288713593457,-0.002974563629136681,0.0003295982119631168,0.0029773567026150083,0.0002548922372885825,-0.012135578245263139,0.004880785593837803,-0.007015725127220692,0.3277177767929915,0.11918704614935671,-0.0022654096364592,0.0011492885838489497,-0.0016676669083483346,-0.002536428387650355,0.04024121856856016,0.007267465415056699,-0.005381210109328498,-0.012682563868548862,-0.00830846517717286,-0.572625002201653
LQ_Wine10-B02_R08.txt,LQ,-0.007103201029241906,0.003953419079397196,-0.003155651321376918,-0.3586076001550808,-0.03422419391727195,-0.8248190591748665,-0.18347788865979364,-0.007109996236184798,0.0017588857275721344,-0.0006008044417559322,-0.03920040056253476,-0.009896084053768874,0.009261441937147796,0.006307647087915062,0.0017661079369994783,8.662110016470666e-05,-0.6047623013202816,-0.2197294097149809,-0.006752138972617989,0.0009508903878259787,0.0017446822721995123,-0.00041863887927361424,-0.03068974453963256,-0.007585633265592192,-0.002310282984465383,0.0018105953392454598,-0.007611954137770367,-0.00015538631452027005,-0.7381653344657857,0.07196709538644885,0.0011508659199032344,-7.608036619292577e-05,0.001044819704783935,0.0008278800468895415,-0.09532502950747684,0.01946708322295293,0.0037071706804061213,-0.585217875639569,-0.1803892674247578,-0.008342181297987908,0.0006584593146040148,-0.0006078515233998594,-0.03634891722540666,-0.006130779502259652,-0.0015861490078227522,0.004625294710479414,0.004097548629146138,-0.30864854580915857,-0.10774358325419042,0.010487817280267632,-0.0012569872613608767,0.0002775361245626602,7.801882707767968e-05,-0.01742118254279417,-0.0016853381744197935,-0.0012441217949150703,-0.0025204729828074445,-0.006120095359461106,-0.708001631060243
LQ_Wine10-B02_R09.txt,LQ,-0.0011053689788456623,0.003188296012188092,-0.00038182497133106735,-0.17270018970318946,-0.027106927517497034,0.13754303049325856,-0.1734648204508602,-0.0018275365833559252,-0.0005520457785014782,5.7981346963076975e-05,-0.015026140725825317,0.02009858219479979,-0.013291153510678614,0.012937782037621979,-0.0020888936877867985,0.002969601929939383,1.1809302873027576,0.23370155180790753,-0.01171354061818085,-0.008503602663034493,-0.003940930614933714,0.0015281066610084463,-0.00635668942249442,0.01885383319510182,-0.01514558893832052,-0.006459650127293522,-0.006815563735390766,-0.004400722780405064,0.8764938313563899,0.06856218598150465,-0.007690972923827919,0.006005458840855389,0.0028279483892045703,-0.0013671747283796258,-0.1055897462199321,-0.07482664182910011,-0.04138177652726337,-1.5847996897969479,-0.6558821248315239,0.0025789245768272928,0.0030023925952030357,-0.0014180503407901222,0.020138104932473963,-0.014656177969843127,-0.015816600503824885,-0.012580067008932914,0.0031783673236445795,-0.39021644300982494,0.41186017897368754,-0.002491021174581259,-0.0022768900026940543,-3.1733417113733e-06,-0.0010393713597227864,-0.027236256654247226,0.006849595022703271,-0.003679464907180561,-0.008994255113192897,-0.010134725570628337,-0.5593679904890831
LQ_Wine10-B02_R10.txt,LQ,-0.001896141592612352,-0.0021357991136191894,-0.0015481742558251467,-0.20483898523600116,0.008648925426253465,-0.15865122840599621,-0.15691071952389457,0.002749811470924986,0.0004983393341784337,-0.0005678208540568704,-0.034800122981109245,-0.004388969593827232,0.0005179523333990015,0.006140157465381572,-0.002367914695128581,-0.006144670253094786,0.06384514565712784,-0.22885381445010133,-0.003286021962522688,-0.0025062178203247108,0.00038156787149131057,0.00029004291091985844,0.00404555440167792,0.00253017310787507,-0.0007341280687468256,-0.005762813372116611,-0.00486029893521797,-0.0032354455128757913,-0.7890473074783042,-0.03874061129463491,-0.004543005963579669,0.00234299659959567,0.0008355443415678311,0.0010052535325841563,-0.08953435292031472,0.03306752540923262,-0.014162838770562198,-0.8361086468544761,-0.5025081173194774,-0.002517234680231521,0.0017744218914019778,-0.000745311078568026,-0.016066590169000958,0.002262748098740549,0.005096539567536891,0.0032045858507169876,0.007477913353854695,-0.3998317095917088,0.18051622839416726,0.005298537701984888,-0.0012165441661591211,0.0007700416169281168,0.0005258901691705948,0.01332592475276481,-0.011461910084843294,-0.0016508402635338178,0.015794151344190814,0.0048325716708575266,-0.9655825225663051
LQ_Wine10-B02_R11.txt,LQ,-0.009090424577292103,-0.0005847181096704723,0.00037208431659224326,-0.29718280201615754,-0.04394727742603648,-0.2327178999216546,-0.2552390705247545,-0.0021716152262131463,0.002867784642276388,-0.003530206163992596,-0.00469905643889193,-0.029820258919892997,-0.0018533920245089458,0.013482342554298239,-0.003339357404994963,0.006557089803495184,0.846423766250112,-0.17672319722775154,0.0017394416941204792,0.00020233229707858718,0.00015668106212149364,-0.0012127980052045952,0.026345691301497127,-0.019305270658068543,0.015805626286567814,0.009527512565678757,-0.009642705458555535,0.00229793000464957,-0.19059803829060673,0.09719176506174998,0.011723690125500315,0.0056661861735311314,-0.004146441075199868,0.004842879150489582,-0.1266584037800046,0.049772768289167144,0.02799078648453199,-1.8099839957453119,-0.5135863483989809,-0.004654341455865377,-0.0003158532412097267,0.00023619022179531573,0.003257508218828975,-0.03769039429702856,-0.012429201158264165,0.016846638660710886,-0.014486637156426875,-0.2367127628603347,0.45616431539377955,0.0042492959333062675,0.0007882224055073528,-0.00021279831147790054,0.0006820353504320257,-0.004412464399969071,-0.03393810290044497,-0.00573657412402032,-0.00956838421487708,-0.005880381823078597,-0.7469945698798703
LQ_Wine10-B03_R01.txt,LQ,0.005785917816539903,0.001956357600044349,0.00022198079467272648,0.21971155293677358,0.0004953512018380096,0.6022165137688358,0.07461427204427018,0.003963578811891406,-0.0008614475406028114,-0.00123993039544509,0.01745303320899698,0.0069231733556895155,0.00820695496153616,-0.00020129722519762923,0.002174991491448324,-0.00023245648576621265,0.24985240015358468,-0.038051376469368736,-0.008762291705035645,-0.001018165102155457,-0.0028604321427714635,-0.0014145554293709763,0.05459555124879337,-0.006982505897882435,0.002627905877382003,0.0013062006582953414,-0.005975457559676415,-0.009286739711850312,-0.2622225190714227,0.0016682078524039579,0.008830931333944615,0.007697885554601676,0.002121053344799439,-0.0019282112336294279,-0.02438863680034059,0.058370038244744064,0.008417139517934324,1.4769238115857481,0.035319085688732876,0.0018204701473565643,-0.0003871737937953159,0.0014454398946082692,0.03213635054329592,-0.006904112623282046,-0.0050691629069086015,0.009250530701028142,-0.005432461655557387,0.7732575264314061,-0.10608962423988877,-0.0017686240973228324,0.0034309006822475807,0.00014274392136187392,-0.001964664314745828,0.03500424431006412,0.008977558868812059,-0.011401848808698212,0.0006548042186393628,-0.004717835697131474,-0.1296111684624166
LQ_Wine10-B03_R02.txt,LQ,0.008015369302820454,0.002552171477929001,-0.0048051409318246845,0.22445567884957185,0.09366732430719266,0.7811639772756109,0.007291701257893024,0.010331904734847085,0.006912167754545454,0.0005801001879589155,0.09082742059495091,-0.017005913720360047,-0.006371385294987122,-0.00452810258775928,0.0014251658227550775,-0.004533844840743646,0.5404646692600945,-0.06206700066987447,0.00449881436756774,-8.470082907197009e-05,0.0012749018797105973,-0.0028431531855757667,0.03531361003807681,0.011043059131858768,0.01073078422509479,-0.0035233715184602426,0.008454827781653807,0.009548594959032337,0.10101825768891892,0.035924533704465356,-0.008314097578860345,0.004161408956903626,-0.008431228912465935,-0.0004494081335740833,-0.04119249860890574,0.15915178436204397,0.01878377448863758,0.27787399362357057,-0.7666207676155805,0.012063790333778544,0.007937668183800123,0.0009158169410804335,0.09961964440402785,-0.020304948596440775,0.00985324022419243,-0.006483901424138219,0.004084707996246451,0.1986309771225292,0.23588737248267422,-0.0031241722007929137,0.0019675840216871756,0.001710850401980297,0.0005140052654289485,0.062307344039805784,-0.0048073566495582904,0.006557004986472528,0.011387384434322644,0.008498289600716781,-0.3207274110489
LQ_Wine10-B03_R03.txt,LQ,-0.010620343443575079,8.431636904977297e-05,0.0017271472696090316,-0.0071264359596245885,0.006694920798174284,0.25248851634846403,-0.04984098495090894,0.008405770556761543,0.0037012781963779097,-0.001573677351463158,0.031471204221445934,0.0024855580173860237,-0.013789338963663956,-0.007174871796630561,0.001649288366155805,-0.002899926716151654,0.6774682231583204,0.05748055780466477,0.008339092926907852,-0.0005637327549510431,-0.0013197838269817643,-0.001370442427621841,-0.020583844455710223,0.003918633231405041,0.013641921768196124,0.0032302453739134953,0.0033524564668427816,0.00592306845378318,0.3665471455580329,0.13155039792510892,-0.02463729716961206,-0.009169033176661833,-0.001023675549496444,-0.0010574134316334621,-0.06876321629362804,0.027817792663173052,-0.08329248608427742,-0.8786831788075187,-0.5779402945304062,0.007934506380900114,0.005134315307101458,0.0012435602329446396,0.02853855489223582,0.0034386632352460724,0.010501906009701282,0.0045706501851823225,0.0007010934293848027,0.00039202103013735723,0.14231474215710538,-0.005297099940815982,0.0015360383541245678,-0.0009912449506861657,-0.0010318489171621584,-0.04666951865301865,0.015854738088382673,-0.014688231705040918,-0.0016633802155403246,0.0013833651625733013,-0.4521817526714309
LQ_Wine10-B03_R04.txt,LQ,-0.019522909918783207,-0.00553827433645022,-0.0006090458946134449,-0.13950990683468867,-0.029820796073387487,0.22766121390248806,-0.17300473304870767,0.01607000655021454,0.001266353625303637,0.0003189340029633303,0.050139220874962816,0.011613644889321048,-0.02722090820830442,-0.007607664637734818,0.0065440981250062735,-0.006060493285232482,0.48804180497832395,0.1854720117410707,-0.010470735310149776,0.0011524792220372732,0.0009581776349191634,0.0002491908865167714,-0.02725569368023948,-0.0205934891760201,-0.006247205689567481,-0.005350902952471532,-0.0027275726810339737,0.0031370561608173647,0.041840658829530586,-0.031859948105662284,-0.026289730604516583,-0.0006828204377648258,-0.0018749497136679783,0.0005412599568228357,-0.13388789264441758,-0.08453870308455451,0.0005742075574666598,-2.1832650588748095,-0.544100435763581,0.013882691160756688,0.0006373038239693323,0.001175135399174472,0.027407237248416944,-0.019068083452418304,0.015503215008475053,-0.01072201702795721,-0.005371752055201102,-1.4806074589744296,0.10811095290797734,-0.0034654039426716197,-0.0018386198327234417,-0.0013403337548557636,0.0002644465429545425,-0.047515603956301625,0.0029015611055308267,-0.003940388924697135,-0.011489399278520445,-0.011028025551666633,-1.030763754326293
LQ_Wine10-B03_R05.txt,LQ,0.0026332513431974584,-0.0058047929783379614,0.00030965748136597786,-0.24213542079411873,-0.013640691420019516,-0.19459509825058863,-0.23989694298548692,-0.005937278290149366,-0.003414408319604234,0.000737268651309457,-0.0288117721198869,-0.0017809442599434917,-0.00393198413311931,0.0029874081822260576,-0.0031747898682896033,0.013077708553946023,0.5474585701775281,-0.153891977983599,-0.0026832897402034885,-0.0012477371668316907,0.0010962575399845451,0.0025254713963575176,0.009517275940577097,-0.012492795815828186,-0.0029973712546160648,-0.012888559870927402,-0.008153210455519427,-0.007222755810695545,-0.04053731362997359,0.1370794556359436,-0.018753738829776753,0.0030370580273988324,0.0009031832387538559,-0.0009128059318600092,-0.09452371621362374,0.043408065151212594,-0.0013216240615999304,-0.46233186387072056,-0.3552636539707068,0.000343853639841834,-0.0063664574272890954,-0.0004438974795905704,-0.023341399144728242,-0.015797270960735674,-0.0016866956485350575,0.004357372140774734,-0.005393710534432998,-0.3282836444084207,-0.07897140518913193,-0.000856590289715973,-0.004817982755169092,-0.0034873208167767403,0.0009362896605659692,0.021506853501870524,-0.01093337503422466,0.0034260405018816838,0.00827339111887981,-0.006180579042896883,-0.400109219288729
LQ_Wine10-B03_R06.txt,LQ,0.007760717305053802,-0.000988168378729257,-0.00015485028712828593,0.10990174881134618,-0.030135305885446426,0.5263710210041728,0.0019935908062720387,-0.006535876027726123,-0.00028799470360366667,-0.0001858308026492673,-0.006787175343296863,0.011304555462152895,-0.007035284833026758,0.003257543121940586,0.004294265807370156,0.005777069858542309,0.9074903538341994,-0.06843984480616216,0.0072732502304371175,-0.006412899509660277,-6.959090867501795e-06,-6.6890827118620344e-06,0.0036974936183457804,-0.003575185558750693,-0.006085808817146968,0.0035216730079515625,-0.007263284435501383,-0.000900700680898497,-0.1506939625680359,0.0870987447737479,0.01534244450723228,-0.004927022481431501,0.003058113457782392,-0.0006951267761976989,-0.02232599840980555,0.20595899959888608,-0.002168205470106415,-0.366036738706665,-0.6115199285366941,-0.001333329764406079,-0.0005897427091602215,0.0020267657141302257,-0.010319975515567972,-0.00454801131135313,-0.0024175185963681385,-9.67496218684926e-05,-0.002987750573871932,-0.05218083084155101,0.30857601793580103,0.00048577381678159277,-0.0035837588549219,0.0009249890210525377,0.00018281597462369004,0.007201244998534598,-0.0034563141263790976,-0.004302085490295308,-0.004279181067027427,-0.006545448130736907,-0.7131746047770502
LQ_Wine10-B03_R07.txt,LQ,0.004248645414711815,-0.0013097965567429744,-0.001730873473128599,-0.23352237030766795,-0.018888571756601635,-0.2718069709503874,-0.1691929687064464,0.0008306580904845108,0.0007504118518730896,0.0005753379267792629,-0.013450032056276151,-0.008063645587278418,-0.004258960210960901,0.006606246976964157,0.003890041703379507,-0.007126543970744989,-0.2922049331163308,-0.18746915610538517,-0.002556515517527389,-0.0009360104489311544,0.0009222431046775144,0.0018452172599253067,0.005142529595947971,0.004439869959477151,0.0036651446701891086,-0.0019207733607456718,-0.005616669834069896,0.006749862343005209,-0.3090561819983537,0.10731773512411036,-0.01852113558482478,0.0010221121578529741,-0.005437816665898732,0.0012348468173628557,-0.08648909886084034,0.0680298046763556,7.687963766785967e-05,0.2798937285000571,-0.20747349827933625,-0.003145515708188638,-0.004369137998593279,0.0008092766729078475,-0.03362819797344391,0.00714110431077883,-0.002962513382868997,-0.0016635028446693283,4.731065113087931e-05,0.11380248333454634,-0.09431469877338916,-0.0007242867732912823,0.0027833893558531202,0.00037247559026653117,0.0007334508998057244,0.025284775697161782,-0.0017862818765120919,0.015021657710777705,-0.0030680438528267275,0.001832579212479693,-0.3461185734299437
LQ_Wine10-B03_R08.txt,LQ,-0.0013898812274063532,-0.0016351341312759796,-0.0008300458570634094,-0.223423267625779,0.0021189651181659636,-0.10463167723411981,-0.16678770073540594,-0.00450346869128995,0.002136085686303585,0.0009698253706517143,-0.028112863343373887,0.010266304354381103,-0.004138241879751484,0.008810057883662568,-0.004624015034745043,0.0005604742952096684,0.19040503423548127,0.19144361840791502,0.0032685208672704833,-0.0037545979199181474,-0.002305918404110527,0.0007230466383973801,-0.024883010061373813,0.010201527012847347,0.003515741366747911,-0.0028612141619746567,-0.0004066802635972898,-0.004419365472665451,0.09082907502040882,-0.018408707477713282,-0.008659094266339519,0.004724460814398355,-0.0027214094737738684,-0.002200101158792245,-0.08397654753111489,-0.029214904131039415,-0.04827437588868176,-1.6725858167671142,-0.470913436658865,-0.0075940994676115476,0.004407664058384762,-0.0016924142640076711,0.010630923975682785,-0.008939208577341396,0.013975018194950397,0.007928490653159481,-0.002090733127866583,-1.0859848654259316,0.09252561504221135,0.011037855274155375,0.004356829969674948,-0.0006530626301462386,-0.004172355133196377,0.02785453937566606,-0.015771779493780096,-0.0035198257369861022,-0.0036905294673278796,0.0033385018024024164,-0.929038041630905
LQ_Wine10-B03_R09.txt,LQ,0.0021172299299706938,-0.0024310099928748943,-0.0009896633372336698,0.4056543597112744,0.11989968979123787,1.1210026523467285,0.09618111275453955,0.0024960481417469604,0.0005326782416984348,-8.27903400151989e-05,0.04836998610575431,0.01628512592188578,-0.004909587504511138,0.003903287232692027,0.008249286028462012,-0.004699692753976257,1.5305713305386153,0.12979343650890407,0.003926625009663677,0.0012230986524631965,-4.156927443149884e-05,0.00020571544402861515,0.1034701652563974,0.005532049305796347,-0.004146025279270109,-0.00575629440187793,0.00248892613782773,-0.000952174438512986,0.8337200285533486,0.08876061902824639,0.0075781145187539985,-0.0026318054114252104,-0.004265859809338881,0.0009987038253452484,-0.03589882632343211,0.13151352551461393,-0.010510233833006009,0.939996111242352,-0.8157547461873289,0.0043295366994989155,0.0007492085489068908,-0.0010981392207981167,0.045608804545405,-0.000683979031610318,0.0063787169897047465,-0.005014362635836138,-0.007621802389299456,1.0189199238154343,0.40943505918878276,-0.00023990519441010618,0.0011586966874757452,-0.0014899333694008777,0.0012456072433156516,0.1262285490843614,0.01255189987336839,-0.003282898645397725,-0.007498312233611535,-0.0063003366462633485,0.19197643879602166
LQ_Wine10-B03_R10.txt,LQ,0.004208008033351591,0.0027422972829408937,-3.5990425357117814e-05,-0.033637680877987464,-0.018264845150017223,0.2774439096723853,-0.04953999808215048,0.0002562032948893116,-0.001627285025905494,0.002437581536788353,0.006177915166373754,0.010883603150936458,0.002786489839697058,0.002929303445531448,-0.003148032376894194,-0.0053757092492346,0.7279031925439776,-0.12287522283357832,0.002777500832800144,0.0022415573125460944,0.0013717993888469342,0.0004363772881071453,0.021566120201398652,-0.02383738157725835,-0.009367588626459825,-0.009422597980189254,-0.000659533888196698,0.0011930607448923738,-0.17871435765134303,0.09430021115859377,0.006342057567789957,0.010247943923086771,-0.0008147013855964051,0.003106549652472904,-0.08605040144872919,0.04524099643302142,0.0035626362196274717,-1.1958254558529946,-0.6210884468767137,0.00738039109940862,0.0018944918387644714,-0.0019738498419927877,0.014049946819053406,-0.007659338879702828,-0.00023837165810776644,0.004614848865444175,0.005931271274240567,-0.40467406633788716,0.40526718751706015,0.0018257617483627337,-0.001680806489419134,-0.0018686669768195638,-0.0003482741200999626,0.026148314031955,-0.024624238561051205,-0.005836358422465653,0.006583975024059197,0.0030611479373262927,-0.816804973575425
LQ_Wine10-B04_R01.txt,LQ,0.004671839519699383,0.001888045805105653,-0.0009772679879389357,0.5099934620769377,0.024025008352444782,0.8648983507589136,0.19367231108147376,-0.008266639632978018,0.0001062688180636102,-0.000808588497241973,0.012231829169241225,-0.002051045441414571,0.01171345608958568,0.001844152010712809,0.007185028647893204,0.003937660000006001,0.7328817156612812,-0.010154398537854825,0.0049547702723091785,0.004046784615007386,0.0012358233906331585,0.0010594955471724399,0.06087486927639488,-0.030929703278328405,0.019700581917729623,-0.003527610625414405,-0.004028886066154196,-0.0029310259890899778,0.10941211123829397,0.10825309681635753,-0.003414259952742445,-0.0006611395331969103,-0.001707314779721848,-0.0010835907268773868,0.02552170932978165,0.018211241086698006,-0.012238011102794672,2.133930514153154,0.370263915956893,-0.008983479374985026,0.003126428509119033,-0.0006744100017539729,0.03004919113377283,-0.014793314909826097,0.004576157049487862,0.0022318009626712664,-0.010166960550918982,1.4015669930845887,-0.17735753892421258,-0.004364134057237852,0.002950803163189964,0.00340198758136277,-0.0009326300303822439,0.03705460472322883,-0.007529456336242304,-0.007498005764466894,-0.0031662197100001776,0.0032310319015459903,0.26453163727723483
LQ_Wine10-B04_R02.txt,LQ,0.03801673759520849,0.00044066090043223225,-0.0052154242703871655,0.27135313816178275,0.6462693830944182,0.9138916080813946,-0.0981987502935624,-1.1686811115753024e-06,-0.001996952916515183,-0.0029457030553885935,0.09189121953669072,0.022360050773740425,0.015268130609826652,-0.0014086780036143935,0.003850076810249558,0.006805276311913631,1.3622708430435413,0.1241546967834225,0.007816636594478555,0.0016185193316379108,-0.0005545765226713287,-0.0012130526882043247,0.18240656304274774,0.021710359771493253,0.014165646448340322,0.007776746533829485,0.0014990315333354852,0.002365661628824336,0.28437919871553285,0.0969132881899486,0.0250096708872076,-0.008748316874090768,-0.006783372482389544,-0.003263304842401068,0.15842810860720744,0.7726960089694402,-0.016390133636212043,1.8588186564591096,-0.17756502650592054,0.012899907894894324,-0.0009556471171864337,0.000574837714234077,0.13353655552429966,0.01780780074448062,0.010108851098349506,-0.0007723152475999848,-0.004540489745088206,1.4267515564182167,-0.18168126583193822,-0.014840535127677239,0.0019503226410477513,0.0007597587878820113,0.0008142813812881654,0.25140920142281914,0.012094571381447636,0.00719074366173946,-0.0025115884580630466,0.0019512229512557919,0.34300245324727463
LQ_Wine10-B04_R03.txt,LQ,-0.02190205367188184,-0.0014568621927700963,-0.0010624946731603176,0.1014363121273747,-0.024921706271390884,0.5757282677438278,-0.013353780113783742,0.014017897297429542,-0.002884031118912167,-0.0016235795783394276,0.03463558449167933,0.004958092673707901,-0.004000304840985968,-0.006872037343535388,0.002015659865895146,-0.0028834604369881484,0.5528256251500849,0.06347260645915898,-0.005636281846690383,-0.0017871597405486304,-0.0013458232954377922,-0.0005339095351343308,-0.027649806267462093,0.008938489939387468,0.022027947228801734,0.003483632725356539,-0.00915198923366891,-0.0007039771222771708,-0.1927660991664908,0.003882375290122253,-0.01909271291681465,-0.0014804029009141918,-0.005226608257832894,-0.0005369635258349057,-0.061109971222404774,0.036702187388639215,-0.031222681040402652,-4.862510469825926,2.381168614008614,0.011340852028571468,-0.004318923509006249,0.0017419968228895026,0.03194298066836891,-0.004974566188957504,0.01072526846499655,0.0018871438297077053,-0.012105881631188295,-0.9956508588906936,0.2384745701133466,-0.005039615296230851,-0.0016476030952558107,-0.0028223880131505535,0.00039515089974717735,0.020589769835971425,-0.00025928161673912514,0.005712848843794457,-0.004728063615947412,-0.006719284150806126,-0.758398891817389
LQ_Wine10-B04_R04.txt,LQ,-0.00020773530239649122,-0.0017264586712643821,0.000496325344024402,-0.0037597383955372266,0.024529323474056855,0.42578288686214716,-0.0940862019877775,0.007235035096951282,0.005051500998324145,0.0004380206455292477,0.04270028350801663,-0.008058063332037322,0.006181486347084712,-0.0017210413074686456,-0.0029550340208563284,-0.005801003089161485,0.7352051117253815,-0.08011417986427449,2.7068664117799483e-05,0.0008276397162939762,-0.0011928465674167267,0.0007640493119338815,-0.013035881330931566,0.006446742758319615,-0.0028897033010382134,0.018682499701691325,-0.0036038266651572458,0.00023132550052071027,-0.08268863045866581,0.14227633507597282,-0.03298023342363892,0.003908229696765258,0.004619779500810459,0.0024695509647244644,-0.10811330557474384,-0.11129112557087127,-0.049316864078523565,0.21539810523060776,-0.5047830549260652,0.0014030725114829615,-0.00021208696114477965,8.344896730703663e-05,0.04487656867572723,-0.0087484937883249,-0.004736738144689818,-0.00031550287600536314,-0.004479048341884288,0.5817688318412468,-0.04036311921206259,0.003131273089119074,0.0009010078206727726,0.0012754742091894075,-0.0003444570905790658,0.016830158113479467,-0.0033396001752740026,-0.005425365757527392,0.00036375885869649764,-0.005328503089955458,-0.12015043557980798
LQ_Wine10-B04_R05.txt,LQ,0.0004751674717631809,0.00011241532694283385,0.0016809785092648719,0.07237196362329107,-0.06931103108890886,0.44532297520065267,0.022201897162576145,0.00793833300257171,-0.0018303943072630357,0.0007823294502064775,0.011740554658708637,0.005767782723197003,-0.0019094372420956178,0.015381619080052826,-0.004775604050322054,0.00351004673525359,0.30508308136460016,0.10516626272846175,0.009120300180314286,-0.0015030765041480216,-0.002308045289667418,-0.00030532512549855573,-0.02667983463152447,-0.01455299228650444,-0.0011016652844834077,-0.015272592334896314,0.01622577646757881,-0.0017086895003050862,-0.014220723984611272,-0.006514284223566813,4.8806244209492235e-05,-0.0022169115682273417,0.004497180781760222,-0.0007824819927843774,-0.09355213878296076,0.05351444191258674,0.008446997526792854,-1.155859835664069,-0.5819052099375446,0.0003132849688865473,-0.0020223864379304212,0.001924636679184983,-0.01988092164547428,-0.004049047312368664,-0.006366419892601841,-0.0021240412342058436,-0.00907223083513565,-0.9494697619673556,0.0915484386303187,0.0021482894426007775,-0.003962125141196059,0.00029542652639827534,0.0008499360514316604,0.011901864977671806,-0.013178657421671888,0.0008935939249703146,0.011385770266421765,-0.005261581206458207,-0.8603811868049758
LQ_Wine10-B04_R06.txt,LQ,-0.00604617716296124,-0.00029674334267801463,-0.0010868329042299505,-0.18209949042171378,-0.012125301717337444,-0.10383751913051675,-0.10910213174298455,-0.010829291369214072,0.00026705557154843606,-0.0024882151818225342,-0.02563026116548541,0.0030149920072741424,0.004995676711111452,0.007431759071478387,0.008466237089569896,-0.001145718200795503,-0.12881956226300773,-0.059202679493471244,-0.0050753483127034945,0.00481259869439309,0.0013484976332318159,-0.0003563735903779619,-0.018836467256467405,0.010642162804842752,0.0054779988392156635,-0.0040341823925649015,0.009676260613014015,0.008021228123944995,-0.4466760871643327,-0.03368528895002809,-0.006741110216521407,0.0035339746235813394,-0.0045588449747245305,-0.001202252669759595,-0.09932653758349083,0.03453162607286512,0.013986841179065363,-1.0365142494733117,-0.4102803378474871,0.005422646092897213,-0.001688243995631222,0.00045869729293693105,-0.02870017186386553,0.0030451795239317004,-0.01145526964999743,0.0001775057931374729,0.005311943569703128,-1.3323586207204388,-0.08420860206454295,0.005486001856540109,0.0026885410756748223,-0.0005744521064545263,-0.001369305630370336,0.03375852357969899,-0.008850766490495245,0.003966462598325351,0.0024041787438529045,0.006512158945084553,-1.0293053599369466
LQ_Wine10-B04_R07.txt,LQ,0.0027927736757859607,-0.0012666006966755774,0.00017296155844478901,-0.2992077734259096,0.019118656458895184,-0.2835788227055662,-0.34060390926844164,-0.0059777798358838395,-0.0007645387358926141,-0.0005681012011466034,-0.005498612956260883,-4.855809528357853e-05,0.014770978916186952,0.0077044882697026845,-0.006607615265150722,0.00032059707169401937,0.4232758150401734,-0.2108273645802171,-0.013157396201798904,-0.00221530429877222,0.0009868628878216216,0.00039818614530774275,0.01097388241454745,0.005311864771844697,0.009655858843445117,-0.009895288447309379,-0.012056097114567989,-0.012582486240332204,-0.6996798843036878,-0.02813668806834224,-0.014232225819296142,-0.006444343938884721,0.002381334075854975,0.00011279972684105825,-0.12238618447632096,0.0016413658432640477,-0.03460329418308079,-0.7896841314027325,-0.42332260032123603,0.002715499932771714,-0.0026836279971970637,0.00029418166420280926,0.01722733603385977,0.006200499314869939,0.0025650491281009827,-0.002721921010724462,0.0010580177672519808,-0.08516605426220902,0.0037365004621359166,0.010430792136957103,0.0009885115092490109,0.0022381041495401306,-0.002315150625615234,0.007141520846761236,0.01124417484147383,-0.034545781943380316,0.0029242307426617605,-0.0072533663927317376,-0.6918403924392864
LQ_Wine10-B04_R08.txt,LQ,0.0053708868830792756,-0.0023377027643282366,0.0005534145602741554,-0.3303301677193222,0.09744465183046538,-0.19561258464320463,-0.5636367362854351,-0.00324779978899121,-0.002463566007476841,0.000837583737199342,-0.016020463979915044,0.011708105507122016,0.007424410550168053,0.00511364366219994,0.004592592777226931,0.0002130352385978241,0.6787285311071001,0.11453046309923415,0.005405462648175884,0.0019784955668854585,-0.001663567515330079,0.001723269232068962,-0.0007800804063557397,0.002252099043979324,-0.009416926090196292,0.010044936354531587,0.007730086890455732,-0.006719832695952145,0.4016224158796975,0.030960703703061032,0.02366489919183153,-0.010394122190919907,0.007679709798697472,-0.006440576994862808,-0.06577341058734001,0.10289126602823245,-0.013149056866485969,-1.398714575998854,-0.8731760551493082,0.00041293632976955544,-0.002070229289963864,-0.0013253386642494327,-0.012172837705066566,0.01186717113428468,-0.0055096741997358555,0.00012453935307024612,0.0008742384546040853,-0.6391748941114903,0.2458256654580946,-0.003508405522931584,-0.0037906902149394918,-0.0016512801799895699,-0.0009455410915620585,-0.0019537186210688666,0.003484623084025885,-0.0005620167013892854,0.022024823804021126,0.0005931190676397468,-0.4050382061704485
LQ_Wine10-B04_R09.txt,LQ,0.0005427266560433068,0.004301987571571145,0.0007157341381951517,-0.4012846704649511,-0.005442868169093076,-0.9371958906004929,-0.30813385541517313,-0.010595715829036652,0.0032911597753177845,-0.0008207659162554698,0.0013855433473521292,0.007635056996528564,-0.0072729462330627555,0.0012210885150914699,-0.0026111934403190663,-0.003161755331016336,-0.2580604253988996,-0.023650639408309138,-0.0012225531535063068,0.0036018608651832125,-0.0016952577379183659,0.00022938698830640082,0.0041654409183445595,0.001912777510108302,-0.007236525495534451,-0.0011099290150356667,0.008485897951409768,0.004589358301689856,-0.5464247008505407,-0.0798518495599645,0.0037720915753975503,0.0001954547348810388,0.001329035653588325,0.0006330003292880728,-0.10153956219025703,0.0019018969642740635,-0.004026696568349522,-2.5595568522919043,-0.11499771640250067,-0.00745377641853769,0.00014860594179495404,0.00195849164645573,-0.004717582335226296,-0.0030645154488752307,0.012391143137639319,-0.009594137915152373,-0.003883948480506363,-1.8804939668259015,0.014459633094502378,0.0061182511281018745,-0.0028557257818234765,-0.000283993561129996,0.002149803719480357,-0.005687735417941311,-0.011372840307472674,-0.00017994261223171996,0.009515418275206366,-0.012483216092526402,-1.4456474745296644
LQ_Wine10-B04_R10.txt,LQ,0.0010603548716679907,-0.0001836130744562334,-0.00019636837911327676,-0.10102673639354459,-0.01674742258388036,0.054752595832055384,-0.12572263628756986,-0.0032124372853341984,0.0024078567071214104,0.0015373597844988468,-0.01304928659926629,0.03212246520721357,0.0034312603365748186,-0.012614098743810665,-0.004885035965495462,-0.0038819966634852663,1.2971228446911454,-0.22587398431937722,0.0027384907524816934,-0.0023762902522274014,-0.001131586480710385,-0.0006647177321658673,0.055450116196780384,0.050078825461011146,-0.006590943678503979,-0.0011179273228871206,0.014180075673547446,0.0005671289962659964,0.12550702887953635,0.090348720681805,0.0012541598764967037,0.005134393261432832,-0.0017104731530333131,-0.00015458852625258447,-0.05421265489074714,0.06949276455428749,0.000591611152630676,-0.6128785445321183,-0.6576837943364016,0.0017239062185148567,-0.0031724474185182597,-0.0007878455791526823,-0.009214031387336633,0.020816705231463166,0.016020454776164594,0.00020122115344133138,-0.0021543581669892183,0.5407650480659782,0.5105569048547001,-0.004206962081314006,-0.0011665231126659077,-0.0015741123002365933,0.0011187883757708887,0.08848705934923334,0.0421040332260447,-0.0008526065467367554,0.01791320892967937,0.0012483443035123019,-0.33100737053523455
LQ_Wine10-B04_R11.txt,LQ,0.001496724024266414,0.002089321525391679,0.0009147559404312248,-0.005735933342253752,-0.029746100433650183,0.06792059362502822,0.05862504155623238,-0.003550811179635397,-0.0022553238824869672,0.0002610586488136416,0.003936206212667884,-0.013030206202519623,-0.005298419075440822,0.01993618009381303,0.014067777244996433,0.000941834496373032,0.3691803924831323,-0.2166050364785851,0.006496815254124029,-0.0020795446717241125,0.00476562146905022,-3.958254963444839e-05,-0.03711034226521875,-0.023975999281691272,0.022840697250806903,0.007173963705896735,-0.0001707874304838282,0.0037778275821285876,-0.48622358599692506,0.07759555789394379,0.001091181190250084,-0.004491514464870786,0.0016822171248851948,-0.0016637452428291167,-0.12774515050193763,-0.012878730627506371,0.017473422223213072,-1.5111903182771398,-0.4797675661319669,0.003111199683571156,-0.006404435352987612,-0.00010715816063474622,-0.0231244597330474,-0.004944444062742836,-0.016608246187465137,0.007676664320138257,-0.004071987738172026,-0.6850487604745972,0.3384247075040243,-0.005324088694770373,-0.0023674612299524746,-0.00047274089025317644,0.0008820161123010839,0.010013550767224991,-0.007004322265264336,0.002444078900427807,0.0017296423708679158,-0.0029910907864634296,-1.1691544246244392
LQ_Wine10-B05_R01.txt,LQ,0.0014291901311146204,0.0008137665044749343,0.001511777520203597,0.008467664340989833,-0.03441440545234621,0.2993829825890151,-0.04027059523975485,0.0028869359037360263,-0.00264107248297879,-0.0002395279693117155,0.006087958843022656,0.0005533131980641013,0.008185750061514868,0.009133013597404241,0.0018230925439507543,-0.0045293922068354205,0.30334148971679475,-0.13025151735044826,0.006281586088662779,-0.0020738355834337622,0.00023249544982851508,-0.0021186523182254212,-0.0047136416649875,0.008496163248594809,-0.005176799810005508,0.00600194428761083,-0.0005380107128842323,0.005420754957289963,-0.5609274546319032,0.00013374314185821135,0.005361590659199769,0.003088652084533063,8.811837658564189e-05,0.0006844027896936828,-0.07870101526468785,0.039618548525762506,0.017918344221976395,0.5521569575239411,-0.3075424147482124,-0.0019828651943306595,0.003136193244336812,0.00018787093452329553,0.004213973723870133,-0.009122276047245708,-0.005668646759643039,-0.0014636247307012453,-0.0018931325752580743,0.3252068296229407,0.03879907919245307,-0.0005781884165683387,0.00013357706620297524,0.0021414819041403713,0.0006168974224564014,0.0200211391745201,-0.003653146297899289,0.010109854206564819,0.0019191738723057655,-0.0025840162694372366,-0.5808082417529956
LQ_Wine10-B05_R02.txt,LQ,-0.011255793956296103,-0.004662695417908364,-0.0006336627017418037,0.04696607811490794,0.0849223988517675,0.36683888297553224,-0.03364107700770447,0.016613735840824425,0.0051737103400175755,-0.0013495207843200263,0.09768458842013927,-0.013264234282688568,-0.012229101040243318,-0.007585999196819793,-0.0016497589612653593,0.000784240785072483,0.4314560128551497,-0.07819737266913274,-0.004250152057929712,0.0020996845889526576,0.0011091722893340342,0.0013939290442705763,0.018937039704851083,0.017322927801495934,0.024786763238076784,0.005277344064432803,-0.005863303073246902,0.006076930566271719,-0.6869320489500317,0.006524852459981911,-0.011517096257683202,-0.0032419084738045927,-0.002486295865507294,-0.0016413700578139594,-0.060560206596821445,0.11121815149364979,-0.013802660404919825,0.5903152333093473,-0.29344471592069077,0.011926021737152428,0.007508591566952365,-0.0016931618398234006,0.11388859656912005,-0.015579334170260686,0.02049120601871305,-0.003988963379630823,0.00712480782669527,0.6953079430972968,0.009993566015032984,-0.00708702309502912,0.0017701565103183667,0.0019100602012362762,0.0006179687995690825,0.034332854334500215,0.009164071871428885,-0.03475124310775417,-0.012421295269588538,0.009144587814807922,-0.6998370172561033
LQ_Wine10-B05_R03.txt,LQ,-0.018617789264716154,-0.0007411952346182762,-0.00014782134040203774,0.0580435092009427,-0.01571634992851914,0.4481314455843819,-0.022081637371986318,0.013567722491799846,0.0010464958076188196,-0.0017338204944751068,0.04952668438884197,-0.008781545257494111,-0.010046159736527688,-0.0017282429314414982,0.004260678477885315,-0.0019254197229788997,0.35282279893576174,-0.03134145928630838,0.009580980485366843,-0.0008031975892959615,0.0008735681090820512,1.717646131067091e-05,-0.02029310807960983,-0.01634533671589688,0.001446356358197785,0.011183641817129586,-0.00016213158923075342,0.00911320445993664,-0.43270698901100735,-0.04489539995880243,-0.023285596027898467,0.0044152635157023385,-0.005998833426792437,-0.0011816603629933057,-0.06867739176572979,0.1128500426934051,-0.013278519818651961,-6.038190288289144,3.9658592004279623,0.013142449764258714,0.0034438754599484117,0.0013867048138646232,0.03526004456369821,-0.012836042880814092,0.005784983391975022,-0.01536434246721189,-0.007524067485844994,-1.2005481004956833,0.24890696253760147,-0.008966830520779751,-0.002959001722808877,-0.0020967845533174908,0.00018078966243862055,-0.028570998375137414,-0.011496388565681769,-0.01350955691263906,-0.009575700850960028,0.0023427967019845567,-0.9386119778919115
LQ_Wine10-B05_R04.txt,LQ,0.003989905185381483,-0.0009926287644675452,0.0003310169598607722,-0.16246105318298526,-0.003953144629652919,0.1897408646483303,-0.21895996309709798,-0.005630306277826812,0.00015794484658571595,-0.0010039476111909466,0.016349733529509226,0.019899755526020996,0.005621438803053162,0.004653752844653738,0.004311163864154738,0.005490703458131107,0.7157562692460662,0.09897591135978145,0.0022555027374378373,0.0018439320829943117,-3.0256830658511962e-05,0.00177976429750255,0.02924246964811753,-0.01764152497950068,-0.00497029702294201,-0.0058452443230791115,0.008722793494844462,-0.0034814105397070246,0.24980245387242705,0.02380703540740603,0.014021190490189905,0.0033667264849081475,0.0029990235229825166,-0.00046496280240074207,-0.08854001633888889,0.07419753320346742,0.022955828151623888,-1.5363519090866227,-0.5744134062386674,-0.0007319991162359777,-0.0005510169549995145,0.0008251017279313742,0.025075475279438143,0.008338803261042946,-0.00858236516828437,-0.00915376635762349,-0.0005403220831031279,-0.6744309451269697,0.15566003736763645,0.0013340763772936347,0.002377507415289785,0.0015738394777131011,-0.0008723781886122439,0.009436728930241712,-0.008859146815031742,0.004070340371472536,-0.003276140170431543,-0.002587771082350456,-0.4978839963251094
LQ_Wine10-B05_R05.txt,LQ,0.007833583416374388,0.0001090898140046465,0.00018207496949703924,0.045636508631158035,-0.005937282411141234,0.4703516736465483,-0.027589226032247005,0.0008973696945544429,0.001205605737394823,-7.378847271332061e-05,0.033573366022880205,0.003330610803348984,-0.00842674007202042,0.007075291222545457,0.006366895794957839,0.0029255088867311237,0.4141623149487854,0.09018066480212394,-0.010219293123271696,0.005131786541393797,1.4102172457346684e-06,0.002482688214058243,0.034833257096835185,-0.0372223545599957,-0.005728079429623929,0.0006509419064838666,-0.014661063502792487,-0.0005686848278837225,0.060706725680200524,-0.03485774396257191,-0.0011959764484703152,0.0038938913970105967,-0.0010332761062262974,0.0008262095817696949,-0.08019547769978119,0.0528414816988095,-0.005519415283661844,-1.2106819050447166,-0.6189768880842799,0.0031496772995566326,0.00018408107941403768,-0.001784696685024188,0.02744206438328252,-0.006533497536562219,-0.013311192402194428,0.004456979873633308,0.0025647379384956025,-1.08792178975626,0.09129977900640185,0.0018082784719716642,0.0018805753866383,0.00187323307756486,0.0015505438676930267,0.01687230871079419,-0.023348289751929027,-0.0015554996908762305,-0.008150267935545857,-0.011428268057426076,-0.8963233906040957
LQ_Wine10-B05_R06.txt,LQ,0.007505943620308174,0.002392944881972371,-0.0023790574635970275,-0.11438887021457017,-0.0007326182865428632,0.0845222466781097,-0.09626770020904463,-0.006825763327708746,0.004832135671986952,-0.00010559169136241538,-0.006220546142409043,-0.0191395850094543,-0.007919017581403055,0.011287635516216183,-0.007900651267515293,0.004904095800619854,0.32532099963205763,-0.1053580811695356,0.0003498163837746852,0.003430257257781476,0.0005553888708891527,0.0041999503797307,0.024487175914024103,-0.024244525992774303,-0.000816248731427288,0.006503630618812846,0.0029958835083168573,0.009441147214761818,-0.22716269441352654,0.05506554896823257,0.018102250707818745,0.004613447048381431,0.0004778192645883487,-0.00026320476623341326,-0.08944897113692206,0.07550592413313972,0.03236757149400152,-0.37425970655918483,-0.42449412753677773,-0.0027405383564082404,0.0029317306664280117,-0.0012774093927399798,-0.007733734642163877,-0.03270739404771837,-0.0016178741097643973,0.006517710564230647,0.006091459091102846,-0.2923710031270961,0.06570870244700044,-0.0003403051959018236,-0.0015802169432952338,0.0009817440450801262,-0.0004331618820909549,-0.01461142632458672,-0.014645085078660303,-0.010851499625274815,0.0018346623757039189,0.004372530340238299,-0.7152526120490239
LQ_Wine10-B05_R07.txt,LQ,0.002250490332821918,-0.0005875051448827747,-0.002721537524943701,-0.193239722187306,0.01608554122548518,-0.09987819361581529,-0.1507491825441747,-0.00017677971392690063,0.0017839241882185676,-0.0007023469099226775,0.015366034351571793,0.008085609686481242,0.002189706872914657,0.000530878839360845,0.000543507359041631,-4.0983381894134883e-05,0.03627965446820092,-0.031352277512178395,-0.002081220521653856,-0.0010564990097783691,0.0006029408879826988,-0.0018899521085371839,0.009505126238663123,0.010531727064002275,0.002353515165660623,-0.024216289743271332,-0.005917214218128908,0.00255834541226063,-0.7871363517698713,-0.14891954851736444,0.0002081926319111773,-0.007175298168720311,-0.004201734734999347,-0.0016320985745297508,-0.10583898944488318,0.009517304489430223,-0.023560192148720308,-1.2284145810437836,-0.4618316137592293,0.003311020797166272,-0.002465847935082384,0.0005404428065604973,0.009204110060905102,0.005671347266069458,-0.009270612624531622,0.002899959686365281,-0.0026470899136674707,-1.2121598048178521,0.015741258963470228,-0.0004112919295596175,-0.0022734771487541946,0.0020277483510561657,2.254438567139591e-06,0.01923278032496472,-0.007329088301850227,-0.0019062682563264315,0.004443654342506351,-0.008167255405222399,-1.231352581423187
LQ_Wine10-B05_R08.txt,LQ,0.004173804564808129,-9.229077300046466e-05,-0.0022755918395927326,-0.011867720906603707,-0.0645251985391913,0.4315756912027435,-0.048167789861450316,0.003046846235469536,-0.003144763524922021,0.0011828811116733982,0.005838726350305291,0.0006403476531222294,-0.013375648688713434,0.00533873662981375,-0.003144967596015318,0.0053434179070530104,0.7044260280309302,0.05248639697644453,0.003350119439923441,-0.0022962857280036937,-0.000885711126758354,0.0009078835725811183,-0.0030257400243401678,-0.0020434941692635787,-0.0164560791105787,-0.011371202556464687,-0.009308906863469232,0.0026041382943012732,0.4125088949473801,0.10713709718796349,0.0060887385333203824,-0.001245749117896407,0.005229893129090457,0.00432268885069078,-0.09425415206537877,0.02893957540628722,-0.0036349865392808958,-0.5355688704611019,-0.7241374871640769,-0.0006011212296280708,-0.001992872608828966,-0.0021716670548921403,-0.010106719604725596,0.003125784750226724,0.0018098795893121862,-0.001161620832262936,0.004414646710910856,-0.18476570132707426,0.2757659088702049,0.009076623170687716,-0.0028274045875940398,0.0018852771188131168,0.0005926507252800877,0.01596238352080674,-0.017847920716379043,0.008884028819933061,-0.006684766142260986,-0.007103164984184233,-0.5441869588073569
LQ_Wine10-B05_R09.txt,LQ,0.004301455353146828,0.0011242309990901215,-0.0025884548690975973,-0.16183306056725036,-0.03200866990031269,0.034780118568257024,-0.11086758766026339,-0.001709605536218901,-0.003005047137076842,0.0018146419455384215,-0.00976910210165477,0.0040846482371388205,-0.00022243078550617315,0.001226107983454329,-0.005930881788940121,0.012549325676879471,0.4923860162997826,-0.026369444548628662,0.002679979658361019,-0.0016359389466693891,-0.0003477589280355102,0.0006544239572367467,0.0014607325214124472,0.013839162700608533,0.017718199364190487,-0.0016968877376736628,-0.0022104039057666684,-0.002105011239289715,0.16124895242372883,0.08369800450738696,0.00671982742836252,-0.00035345572820158955,-0.002858325445529314,-0.0007645549998113041,-0.118282818797841,-0.002965829175468837,-0.04147372035449608,-0.8506193184058839,-0.5790787251850036,-0.0032795707941242528,-0.0004720724019488038,0.00023683738866945794,-0.011107897098972488,-0.015185937791281195,-0.0015539704276997116,-0.00010224313551193253,0.0017994591977627456,-0.5901259560387402,0.1615934405410917,-0.0005881240764766243,-0.002416255918301162,-0.005248236687638414,-0.001953331153320149,0.016344247266775195,0.0006005930786189238,-0.016844350974505908,0.010201730551124782,-0.0005852373660509514,-0.7609268180981501
LQ_Wine10-B05_R10.txt,LQ,-6.968211088456775e-05,0.0008275533368305248,-0.0010368134767052264,-0.02169330086976956,-0.026391490806575782,0.5313128064485539,-0.11020999216810079,-0.0015613058220764746,-0.0022296702845704644,0.001692980673258286,-0.014420369308031068,0.011336527129400567,-0.006084574632158803,0.012183107418676715,-0.006258133345519512,-0.0010135488968162102,0.9294297462068091,0.10055204917706073,-0.0028328841144923513,0.001429688003744492,-0.0011954346934512957,0.0007024576720005716,0.0046145036050828855,-0.02792307565703475,0.0028535310167178245,0.0010900481883759673,-0.0039045384728309033,-0.004717890164557391,0.022442020592912115,0.03721533590714299,-0.0025236541868641042,-0.0006218652137397777,-7.491663739599402e-05,0.0013902627205759246,-0.10295733731624696,0.01119573602373991,-0.019613100286733364,0.0996072898810354,-0.6544377881473933,-0.0003508642496294485,0.0011315924899299012,-0.0009735966614421601,-0.020697741605667133,-0.02101552895607539,0.002829154341327773,0.0032029030519208383,-0.003339072649837918,0.47489700466879636,0.16154856469492396,-0.003601031216177947,-0.0005781612734795669,-0.00214484678116107,-0.0005408083309304361,0.0018590649232003912,-0.010811097994947096,-0.0042456272849647056,-0.009071182667571747,0.0040934129999498385,-0.2621150468717528
LQ_Wine10-B05_R11.txt,LQ,0.002877832603464358,-3.9621030776124805e-05,0.0018399891533383047,-0.2615302689751364,-0.04910606849477121,-0.014041200445001678,-0.2822613105914016,0.000710944897408028,-0.0009869529371346916,0.0005078917113738647,0.0008943169936631787,0.0019397929814043233,0.007589977265100096,-0.005846567374100147,-0.008551758752365444,0.00599051416017795,0.6254523416760716,-0.028157635786103308,0.005413864561647933,-0.006787205168688246,0.00044810792785371264,-0.0008339538722984763,-0.025174896450740003,0.00924242071711019,0.006439886247448037,-0.010040111878173701,-0.0005116977826728273,0.006141761863436534,-0.09033212532620194,0.048534211280575335,-0.004491113734290074,-0.002638905471272836,0.001545879410062258,-0.00011746279360843597,-0.13746646125788792,-0.029432809791666986,-0.003899936632242666,-1.5187700928786265,-0.6834893396335122,-0.008452440222832211,-0.001383248416008347,-7.489372625949918e-05,-0.015476194936563048,0.0026460715646492716,0.0033438980037606364,0.016837361620919044,-0.004586159059937419,-0.775574966204613,0.2619300259965378,0.007293914538374888,-0.00553890616736151,0.00033645900541803104,-0.000772479697584053,-0.008041959553391534,-0.017363969645534535,0.0010127296799239374,0.012294158338397702,-0.01581663612087437,-0.8041786563889488
LQ_Wine11-B01_R01.txt,LQ,-0.0003623654768939513,-0.00024479222483113605,-0.0014350376162549046,-0.1518984945867452,-0.054700337477098834,0.08309593534781445,-0.13327079555603571,-0.000762058634622841,0.00108675322542841,-0.00026454037425106445,-0.005128265174257615,0.006760433575669746,0.002206016034840323,0.004379656854817055,-0.004214627163958501,0.0009632327206865422,0.29962730667352755,-0.07465297221342915,-0.005037687471965922,0.004334293577403684,0.0017042354006098646,0.0005618663618022078,-0.04382015232459776,0.00945538425385125,-0.01042501363430565,0.008312786005378579,0.0023131852831352467,-0.0006308600654357719,-0.4407380322657146,0.00777783485375938,-0.011550783764100646,-0.005111621866643037,-0.0007739907718688892,0.0002104113568388104,-0.11536297106410312,-0.02562131721954433,0.002516851346807899,0.14645033589366907,-0.3152162160791434,0.007644950411893032,0.001495850869626164,-0.0007159628658669217,0.024151318854174667,-0.00502396967890968,-0.016057406817960872,0.0010766901157724276,0.0028282603746581734,-0.004944421769478069,-0.07885343262431022,0.0025686462710844205,-0.0030818187902243864,0.0026983488493089285,0.000472957540565129,-0.01799253305192562,0.008470565075899602,-0.015005921807594545,0.0003730532314333147,0.00031530156981943874,-0.6342293014631872
LQ_Wine11-B01_R02.txt,LQ,-0.008185762990219208,0.0018386001564111726,-0.00042826037858044506,0.01932462452092032,-0.14890949518710345,0.4677511164136794,-0.03152118532906023,-0.002980570537906229,-0.0014929084333264644,-0.0015234333513705488,-0.0256874501783015,0.007966439976792925,-0.005509294426390164,0.01529931390922787,-0.005429412435878714,0.0009414168474800259,0.6377646438663982,0.07016588371875887,0.004054218502679533,0.0036840527320896738,0.0009533194406869357,-0.0009079509177069208,-0.03692765766610425,-0.027150794453848326,-0.011923154595344638,-0.005064667422319778,0.002385020829935332,0.005733426960677137,-0.05488528158854411,0.025625269797425076,-0.0032006633499681667,0.008043164002119872,0.0005872173127724402,-0.0028741732330969058,-0.1410301536940995,-0.06577106614215851,0.026397941544157397,-0.4655080748672429,-0.691540233463348,-0.0035512672722303683,0.0013633668397070463,-0.00010399078186873974,-0.03629712620525191,-0.005439029274899516,0.010250584872114492,0.008257189977422062,0.00867324642082823,0.009046515420672918,0.2685330755527835,-0.00157350249250122,-0.0013682831358561164,0.0005139607520144496,-0.0005521789937704148,-0.07314062282369693,0.0008161981459466703,-0.004272698446886489,0.012056245190592738,0.010915382049913672,-0.7780686350947672
LQ_Wine11-B01_R03.txt,LQ,-0.02586408384740483,-0.002903226210480568,-0.00042493727964752173,0.09876148808563012,-0.05123531114298778,0.510967815801159,-0.0008157108566893001,0.013722982664174542,0.0052968643619307225,-0.000847431882350455,0.058316130575974554,-0.007718115513755255,-0.015882651106730792,-0.012123517089753866,-0.013250328243956565,-0.001994235411913651,0.6810724930352272,-0.08675849037855177,-0.007418517452959928,0.0019773712878292677,0.00035643848939037153,-0.0008994795519947474,-0.01476885014341104,-0.0023293180343566273,-0.0021565730814424567,0.009492934704569956,-0.005587828462232361,-0.0023601852654071285,-0.5116922821886267,0.05175270318116332,-0.011654074265805829,-0.005958858407225824,-0.0024062766876462305,-0.004579164667116879,-0.09632545536563632,-0.008019149608052847,-0.016811343017587993,-5.758011437184513,3.351781260586876,0.014431773115850064,0.002764216143150612,8.492743440021078e-05,0.032263261205184676,-0.01618299846738782,0.011002704470296703,0.0033029742564058915,0.006848727418819303,-0.18387892969718056,0.24822241121332445,-0.008060702410788637,0.000921326838223368,-0.0018711227817713642,0.0023953789716109277,-0.01379122563630347,-0.013512788517895606,-0.00304004154356569,-0.0034540795683015483,0.006673396300472072,-0.6250247427388342
LQ_Wine11-B01_R04.txt,LQ,-0.013206228747869588,0.0017951606412395572,0.0018579710571886364,-0.07234344378320312,-0.0611650553057574,0.2398910299597823,-0.0763693579242446,0.012030815301055042,0.0014685376329544825,0.00032466365465341003,0.04223646931316331,0.006886386769170199,-0.006542212834990246,0.0004994417513426649,-0.008458783229276026,0.0010831536403642702,0.4635109288380175,0.09623402741463999,-0.0008205542505930106,-0.0023831655993158795,0.001045701416051325,0.0015708203906215608,-0.03366962716874999,-0.012973734321683304,0.004596600324273182,0.0006391201707901823,0.003092631352019054,-0.007545473643771518,-0.11460384832965342,0.004570529270075063,-0.002514430583979709,-0.003058348949162053,8.127488091217176e-05,-0.0024917958855624673,-0.10547201106970583,-0.03957616536417345,-0.021512697275328646,-1.2706137200953629,-0.5476935561676717,0.011573424317829721,0.004400045835501393,-0.0008019811676086184,0.018411330082578007,-0.015290762019443778,0.0030333757966183594,0.0015146406247224208,0.008229715706958513,-0.7881285562699114,0.06227631390972621,0.0024565148467547574,-0.001476108423101159,0.00029870824680357385,0.00033365799694652783,-0.029015668717985103,-0.00047074411970713086,-0.004509283566081335,0.002937920804197513,-0.001782955273886359,-0.7754527732385981
LQ_Wine11-B01_R05.txt,LQ,0.007517532558873278,0.0005718191153807597,-0.0011730886152500931,-0.10455067008214736,0.014238992366500683,0.2847392104456876,-0.1595716367766693,0.0038116692035936534,-0.0028076441621925257,0.0029628943450469617,0.02673373850163755,0.016667938528195085,0.016670675670867045,-0.001942309044087211,-0.0065364683788944325,0.001385150807452544,1.0203571619653369,0.10767620997388438,-0.001018216937059595,-0.00447606658644969,0.0024587927743163988,-0.0005629732651245102,0.023503235821681866,0.00597168408517523,-0.0011462925667269528,-0.0029415363751298593,-0.0038374514718922154,-0.005652817179388114,0.25636810140148336,0.11103146397421537,0.006240645435103076,4.2142355423178957e-05,7.450372412705271e-05,0.002320811726324354,-0.08714229750212793,0.04317887657577349,-0.006620795903931864,0.30836718974242583,-0.39864861009037345,-0.0018538330305853234,-0.0024291816381501507,-0.0018933584718024892,0.008494514691950741,0.0009262063699402336,-0.007617744794431992,0.007502015919949944,0.0048952242236819845,0.5976991756634904,-0.04093907825247256,-0.00600803300966489,-0.0039362355437615095,0.00010731091587955941,-0.0003177257375761511,0.027173037172466136,-0.0005297021852961785,0.011368177113487584,0.004559894314103281,0.002092935865309514,-0.06787075153677957
LQ_Wine11-B01_R06.txt,LQ,0.005760055994320541,-0.0033772515691006767,0.001809714718351416,-0.06774471382532221,-0.02479315373068354,0.24596210811034602,-0.0952155616577306,0.003407439506681537,-0.006177632994813334,0.0004291577398935631,-0.003027970824515225,-0.0021695534463951043,0.0178569221363083,0.004962345412578539,-0.007358681992888082,0.0013068583838983568,0.843479488199967,-0.14080162130646945,0.008327919811217714,-0.004501328187803739,0.002288005991737902,-0.002574236629599641,-0.020629230397474614,0.009487307091323562,0.01083699898917003,-0.0054083922629502915,-0.009061652596937942,0.0021477042422311937,-0.30623016835946126,0.13371773429403078,0.007046623259746707,0.0014169045579193423,0.0027656741831503253,0.004922731854427875,-0.08262846605390435,0.06556844764627386,0.008009009110483675,0.4181067791339812,-0.3940340335170385,0.0029939835989575515,-0.0026594165045241663,0.0005194909360352652,-0.011185768792820024,-0.006122984095396614,-0.020260509093900966,-2.7647556521445682e-05,0.0020701394051175046,0.5223692717983699,0.13537539009558408,0.0006797784713169533,0.00019215381698818872,0.00010993996241249409,0.0003735886777113907,0.03005148690130148,-0.0049156432338485654,0.014078254973941128,0.0002487720558464468,-0.012938371434130482,-0.43641398641528406
LQ_Wine11-B01_R07.txt,LQ,0.0036304311650049567,0.00028441125916575714,-0.002208314028488545,-0.3828937530981872,-0.04575372774570073,-0.5841073142025843,-0.3807198167738983,-0.004611402987349874,-0.0003715809301260321,-0.0005905855827755343,-0.0669895691472002,-0.0019109081719465796,-0.013407898308676763,0.0068529467140112914,-0.0008744266039060018,0.0008341290493513757,0.35926299698428377,-0.020559880690172783,-0.0015761428092359508,0.002489869839990128,0.0015275372055452785,-0.002066104161908558,-0.026497935798816284,0.006990752470643611,-0.0018936744391230779,0.005438554269744581,0.004518316840818014,0.0060421176512097845,0.17875736914055684,0.2125869004155576,3.4032494831807286e-05,0.00395698342426208,0.0010546323189867253,-0.00016639716818533148,-0.09566332762083149,0.0014662220496138995,-0.00482480167953852,-1.5400189881191277,-0.35685335898342707,-0.004798516949985751,-0.001754267616560261,0.0014193468409136392,-0.07552788182703389,-0.01932713409502832,0.012330308715239005,-2.329059739470188e-05,0.0029817353953923084,0.003482167225102195,0.02200125399637165,0.0034067376826015443,-6.91794141580483e-05,-2.3574167842436606e-05,0.0005504717385067641,-0.03127538727066266,-0.012684288357883503,-0.0024615803857766525,-0.004017141739768937,0.0013709529272834843,-0.2034690610649199
LQ_Wine11-B01_R08.txt,LQ,-0.0012396002920911824,-0.0024376206339791345,-0.0010918762136884889,-0.167900203238821,-0.05263700231769976,0.19763154697892205,-0.18111221803751043,-0.013232214109454658,0.001053804538551565,0.0013195658488460824,-0.010719432887267157,0.012928010935919597,0.018188386139301797,0.02183041153128132,0.006925885567269052,-0.0029182545850809853,1.2555690640968846,0.1337400321441088,-0.008979840471068284,0.003953867197805483,-0.0024346143809476813,-8.458691339550468e-05,0.005535285834737454,-0.003916748422288492,0.0012854471453310739,0.00505305465054531,-0.011011032599107042,0.002636864693443022,0.7319100564745087,0.1614210820772013,-0.0020819853577870653,-0.0018620782290675307,0.001554197108530245,0.0011990972450717989,-0.09332691164530402,0.035639885097580495,-0.006832267050921633,-0.6762039902855266,-0.6406658660845128,-0.005763485345250623,-0.0017241742019097157,0.0006357664951415812,-0.02805452452251861,-0.003909117000897846,0.0008737547163152654,0.0013773831373970532,0.0029222488463234966,0.3723489907088524,0.2865859125993804,0.002554353265669976,0.000452509069731646,0.0001457318013383704,-0.00048104755155979574,-0.00933356089446278,-0.015571490062219414,0.0034709268451357505,-0.011253247378729216,-0.0036702729208223693,-0.17427364490179142
LQ_Wine11-B01_R09.txt,LQ,-0.006042748008283286,-0.00023445300818765279,0.0015230881713162552,-0.025228129476857042,-0.02649309896431988,0.4391528820134596,-0.10118229309872451,-0.005541140543152157,0.0015192081875761805,-0.00104350233677797,0.00891581722333748,0.00694281351714523,0.010559861272128507,0.007983325134444103,-0.0035051941034548824,0.00120264337347615,1.094756104823146,0.057559007602786094,0.0032588282453175233,0.00397467958763112,-0.0010870145969058582,-0.0002786453558208576,0.006911802211171051,-0.003344157243816424,0.005587257980420505,0.006068008332560049,-0.00017386388367394935,0.0010175975538036389,0.4404495994920614,0.1281685298614279,0.002081961989914948,-0.000959940517750344,-0.0018126968138080955,0.001798145497722052,-0.09036180482700118,0.004895224526510394,7.723502060085104e-05,-0.7182451626762534,-0.8269308999335561,-0.001823210146516244,-0.00024941925585491686,0.000329386804960952,0.023217320703986483,0.004153258595148259,-0.012346744937380723,-0.007937924858661157,-0.0031187231389778456,0.01318919070234248,0.43727613934514786,0.004111283492252184,0.00013909140566695563,0.0012341575371564528,0.0011752229240535904,0.03582415414793328,-0.005803877797272638,-0.006703741341212237,0.00260289239651777,-0.004685461487787932,-0.6418209848757304
LQ_Wine11-B01_R10.txt,LQ,0.0022845198685694265,-0.0030568792093621094,-0.0025977238306494985,-0.275809157771966,-0.0618911052154907,-0.037034303054761075,-0.323925961805406,0.001097961438976345,-0.0035292735160357214,-0.0005517913878763768,-0.0005561212733675852,0.0036267499680287234,0.0035555639795941812,0.003734945578274815,0.004792777883914828,-0.003282671302031707,0.923640648631503,-0.014883824288509317,0.005858187889374392,-0.0006116621015809478,0.00037342918593982315,-0.0009264925695578371,-0.016777929207854002,0.0026370868340359873,0.007237225510319722,-0.0010208510305900814,0.004324917824771643,-0.001903533280783916,0.0017191376440837125,0.08026706728616939,-0.0008925009832603118,0.002201051887282577,0.0030351414018441004,0.001252752593558517,-0.11379176976409128,-0.02479615153610297,-0.016966131206502873,-1.804822354600323,-0.6228119843482185,0.0031699137691161127,-0.0031462912889841845,-0.001350510019693231,0.02248791723355572,0.0016934496743917019,-0.013365466880437495,-0.0017942956574727078,0.002025070617536488,-0.2751091882769927,0.4249471574395123,-0.00502614422949052,-0.0014955819327552404,-0.0011348101770228712,-0.00022516391586969656,0.0038950773369139805,-0.007087452852069401,0.002436199581032571,-0.0010791937699817758,0.006897050068061776,-0.7400183890246539
LQ_Wine11-B02_R01.txt,LQ,0.00040386394063790607,-0.0017044366772641583,-5.08194343573208e-05,0.06616648611380038,-0.04231657551036773,0.48488831025409507,-0.047300457908137084,0.00181670149082051,-0.0038941891347317784,0.0021220675886564717,-0.022692130748479755,-0.007028918837073624,0.006037774994932896,0.007596463995761844,-0.00431577803690437,-0.0066368737892033465,0.43341297947083035,-0.14521744633646327,0.0009627580600995166,0.0024018346314306645,0.0012833769987959215,-0.001140788813090848,-0.011598684396800604,-0.013559398903550448,-0.004532618659449195,-0.0001450903065456817,0.006452504773676683,0.00041642087626936656,-0.30298452088214667,0.06399917579966918,0.004105890322288835,-0.002590126321706638,0.002117207478931495,0.0013669330555624156,-0.04705599427725724,0.04307618823126857,0.005767880298133708,1.5761596902735802,0.032780875670602505,0.0009010059340085498,-0.0024383080982254522,0.0004747817017503817,-0.015125155385364929,-0.009074270438080031,-0.00941260574037762,0.0010211770821008698,-0.0004481367726712123,1.057271551939083,-0.05945709426215995,-0.00260852833313218,0.0013751554216377213,-0.0019273518192807234,-0.0009798152246054057,0.04642969902526487,-0.01686517806341276,0.001033358436852148,-0.005727973774276904,-0.0015365043316510328,-0.020145761148044894
LQ_Wine11-B02_R02.txt,LQ,-0.0014267632214176084,-0.0027978002717466486,-0.001331983168505278,0.2763144865306172,-0.053307637100031044,0.7874090682726784,0.10073700354007187,0.0012715526064398302,-0.0010746674046265426,0.0008817539002014157,-0.000985529034737552,0.013982854577007061,-0.0056020360851382865,0.007424184686251523,-0.004321767431261145,0.00367698017935119,0.643909344493629,0.20020919808626386,-0.0026774022506545745,0.0007793907569672812,0.000457003591763858,-0.0012222136022400415,0.00039536183153500437,-0.004638986695997901,0.019524899584900078,0.01269494161003347,-0.0018251300446689577,0.0005291188324091005,0.43030448931296483,-0.02307083770192775,-0.011223212566981933,0.007163040665742094,0.0012851898667341605,-0.0011866215742076284,-0.1017506113729504,-0.001776824075006317,-0.010530097682932189,-0.14048985826092686,-0.7345407236921808,0.006676143366981973,-0.002135936541198857,-0.0009344200088521562,0.007658214368113737,0.0004695392666119926,-0.002620721089215762,0.008155555899445287,-0.0026457429795725754,-0.36821889838047994,0.18387883682930672,0.0029064046077612276,0.0003888093396523635,0.0013611961355401003,0.000765048616672839,-0.011177978091306126,-0.00048418013628999477,-0.0011692550394091852,-0.001031286939733683,0.01220007890561113,-0.6651673563296687
LQ_Wine11-B02_R03.txt,LQ,-0.010950543203511217,-0.006652743069959575,-0.0006714358985555404,0.165389601113913,0.0008678545507188051,0.6420201589767851,0.02322203234959197,0.013665694762135609,0.004631365881784832,-0.0011822958857072687,0.06840465065666003,-0.007984539709610758,-0.012216293942099585,-0.006394392512857082,-0.0033961115098506993,-0.002343561692124967,0.7741254496307439,0.03644255452337841,0.00016888630035334526,0.0009866441689721465,0.0011314242009056181,0.0007430740946684582,0.0187532101663748,-0.026473127829931706,-0.004493816721557819,-0.007262595639881324,-0.010954934016788412,0.015316944891603663,0.2063000828560777,0.09436809641344279,-0.0314928580286446,0.005370636638997383,-0.004149435260910376,0.0022652825519438174,-0.0750696096638617,0.04106616919675224,0.0022809418220146073,0.4216740364431848,-0.49091873776933515,0.016270320810534977,-0.00016128668032071655,0.0038293205059110598,0.07076223798381037,-0.011657746943303007,0.0136865667904976,-0.0029538201739922436,-0.007832591977542075,0.5483517959957478,0.08225440430219666,0.007350023462684442,0.002452768546895386,-0.0016420332786354723,-0.00010483565139040064,0.008780493289500015,-0.024457975972360213,0.00213465580402953,-0.0022407583425900104,-0.0049177259590480575,-0.23198402440755972
LQ_Wine11-B02_R04.txt,LQ,0.003503804432193936,-0.0038443355626264462,-0.0009226751154570892,0.015584565015348661,-0.051407516837734105,0.3524254388065353,-0.048515549191439966,0.01498833039088327,-0.005149496955251306,-0.0012819161754267735,0.021449838091559523,0.0035229487984533275,-0.010856734854544126,0.005133480355317089,0.008229039309618068,-0.0023295564363042037,0.49195871441217864,-0.04194388117579961,0.0071007151359327066,0.002100377938757972,-0.00041670215039703404,0.002453351462160503,0.0013596203399383784,-0.016701627928865988,0.004212780397057051,0.013682057345662385,0.0012435931909602624,0.002016400742485037,-0.4313789635002121,-0.012302045891191105,0.002137341903516894,0.0008352691363123827,0.0018710473776653003,-0.0017445959454688276,-0.10172153375471325,-0.014036236034992433,-0.007082179425524049,-0.3898669416387319,-0.6275323908583639,0.004778933457517744,0.004210279557096152,0.0006407086808519432,0.04145962778047947,-0.011315919829471685,0.004420096580839543,-0.007171156720472996,0.0049150227008974146,-0.5642865690372165,0.11526575902087965,-0.006545074644710101,0.002015831005694966,0.001367153040761258,-0.00010625921346092855,0.008973579107821572,-0.00780937337193596,0.0017963441201663032,-0.011593807673067792,0.0034504936238838476,-0.9636766699157777
LQ_Wine11-B02_R05.txt,LQ,-0.005592541895523669,-0.004693132221479214,-0.0022545002837831,0.053218459876493485,-0.031102730141289406,0.3743180367659944,0.015989163881328317,0.004790984959282321,0.00037072233462597936,0.0005163219887596147,0.002432083354557007,-0.002643095947892334,-0.021327553576881295,0.0006382827569432498,0.007776656992192325,0.0010839744404129324,0.4071497938725823,0.022361847597057616,-0.004421967660535421,-0.0026012655918495066,0.0008008138271924539,0.0010740907003333382,-0.05698460981284368,-0.0026852698513005983,-0.006342252808905498,0.00838253943110839,-0.008791740549396144,-0.008807687536326781,0.011931435007903168,0.06256243436620434,-0.005989534009094623,-0.005621625788091605,-0.0043462494009369424,0.0012376550770296718,-0.14445563142701484,-0.07806331372669677,0.022620556399774668,-0.9751673442177689,-0.5712523496022399,0.00609798470306825,-0.002291057673482322,-0.00015625814924540943,-0.02753311798643411,-0.014473947398525864,-0.004561689904063394,-0.008492796642882855,-0.0035773847266259056,-0.5464243785325191,0.03611454498355182,0.007012419219154093,-0.00154257467880513,-0.00014890627754384552,-0.001235900430765789,-0.038394151582065696,0.012653249769209549,-0.00946861676947846,-0.003865059466883453,-0.008906818837966082,-0.6570356397094703
LQ_Wine11-B02_R06.txt,LQ,0.006166463048095977,-0.0025171346851444523,0.0002854180557958195,-0.1730403066849215,0.03180024954513905,0.07587639605265739,-0.19653011667603604,0.0038406158122679408,-0.0020537765546720255,-0.0002087338343186875,0.01504630138238483,-0.0016617421158582838,0.00295042027726505,0.013466222182959368,-0.0061224415469144896,0.014287005310438734,0.9739869545930908,-0.045652174275348956,0.0029794863388123457,-0.006607282314317569,0.0013943933624183309,-2.496691087742098e-06,-0.016101959820268096,0.007843869952795937,0.007687344496273799,-0.0036831099532604553,-0.00726573162923363,-0.016858508330111432,0.10578537944063182,0.15817574714372684,0.001377346764758205,-0.004425652898186016,0.00667959578895279,0.0009917585653158396,-0.09305086011755838,0.015839265550307416,0.005214290743145618,-0.2130168321711663,-0.47311120444972055,0.004530185782368104,-0.0031109253568141347,0.0006109933974962813,0.017205055953299124,-0.001309915589856053,-0.005292211077780325,0.007095835777172551,-0.004733067809608648,0.3146855778615558,0.11934780195774941,-0.008762274148582938,0.0006741710970155283,0.0012716733485462553,-0.0005046963250692128,0.032234729127085936,-0.003381023729424109,-0.00835827661602493,-0.0034736636155841224,0.004537654053501996,-0.3809385427159522
LQ_Wine11-B02_R07.txt,LQ,-0.009866829887932723,0.00589612594132676,-0.0018527203823773856,0.055331005751662665,-0.012736977744352798,0.3886821654277197,-0.010550143486958596,-0.006026824819628878,0.0016703046539960418,-0.0006957008387565293,-0.02199141809920773,0.0009301939147997717,-0.009059987670078287,0.008992929445317146,-0.0017068662522990831,0.00045402850916518005,0.905804002113598,-0.15169249747051627,0.008809354935364994,-0.0014371847529250632,-0.0013926614749914612,0.0028865661631108045,0.02640138341285626,-0.010101303420542199,0.002777932912832141,0.0021138780157829024,0.008095304017033489,0.010159356674895656,-0.24044959331798355,0.08762540049376621,0.0033805755447915914,0.0051826649568302375,0.00042877337487613206,0.0009350450390802221,-0.08482794388982554,0.037033139426434145,-0.0033845287001376323,-0.009099980894808013,-0.5776531891615937,-0.0027988210594247745,0.0029737122549444214,-0.0007599846868621481,-0.004612750261962666,-0.01387858395880018,0.009123209273202764,-0.0019656124355200808,0.0004046282868946573,0.11961976948976538,0.28029938595406145,-0.0005225557993435992,0.006396003091377505,0.0013529247190054426,0.0013341439329477608,0.008866480184612969,0.003090991190775794,-0.0041283887066272335,-0.00632538598826487,0.009241980176649262,-0.6470112858039889
LQ_Wine11-B02_R08.txt,LQ,0.007651383321221911,-0.0038630095796637846,-2.986149606410229e-05,-0.24215482555469242,-0.03537231095532499,-0.3219033339229256,-0.13106626487662787,-0.004425559092196518,-0.00010044712699737186,0.0004235161473135206,-0.0052526375794412425,-0.0031822855015444396,-0.0017881732561865968,-0.0003510599471329128,-0.0018582980119100203,0.000570867699679691,-0.25002232948102865,-0.10529704240205862,-0.0025338538707028483,0.0026956555886453464,0.0004458444068893965,0.00013308338669617867,-0.029949764299378012,-0.0048703884171846425,-0.003111162475261129,-0.005985650701074645,0.0052686526046791474,0.007344246090051133,-0.446046213832088,0.0819817444415889,0.00031728770109978356,-0.0019083766303821569,0.0022497965647955837,0.0001661116936470478,-0.10830786198477393,-0.021779595059558635,-0.022148151439234282,-0.33272506066307983,-0.32111844520981947,0.00019838580776684748,-0.0007402962235709026,-0.0024066229265454504,-0.0008256051254696209,-0.005993354884913772,-0.0033045748258143442,-0.004514163794372683,0.0024518118985510247,-0.14058000809060456,-0.053224691479251574,-0.00011245231335725863,0.0013836861885390215,-0.0013037917080130448,9.687571032332475e-05,-0.0038674612263711345,-0.00930251304924478,0.005514721351485445,-0.002479826134512113,0.007308086404024197,-0.6200415106085089
LQ_Wine11-B02_R09.txt,LQ,0.0022718959234986785,-0.0043597831144625895,-0.0018908902420341882,0.04096373918218599,-0.07579670940089119,0.43335241084141085,0.005162717702575037,-0.0009476606979822342,-0.0010053235433322705,0.00014038261321166855,-0.03742552387271419,0.023677020443134876,-0.004899841467498105,0.0067347981383073605,-0.006650218276990193,-0.0004816555971462102,0.8470339413393457,0.1318242842078829,0.0026063078234962195,-0.007105188585474491,0.0018471842395096495,0.001239776501831008,-0.06290977292354044,0.011836777826391979,0.0004280159258366299,0.005311563194231638,-0.007727814173818277,-0.008337669433992294,0.7156967463422381,0.08056378098167705,0.03580351005577217,-0.0027897888276603726,-0.0007646639328336774,-0.004186586795255904,0.03777622519042126,0.4980732109184063,0.015589996715119455,-0.7243877856968144,-0.547206282238375,-0.0009225024337525457,-0.0010837010446347805,-0.0007368936637685878,-0.02314203411022396,-0.0053852324725463235,0.004310651769099713,-0.002698748501800954,0.00529648812872935,-0.390040308040974,0.38764565712175814,0.0004321055439626451,6.232541811066572e-05,-0.00016635532700974554,0.0015395561900772956,-0.025428587506163197,0.004117225567550296,-0.008557114443390385,-0.02040992738245257,0.004911615076862376,-0.6166597697283591
LQ_Wine11-B02_R10.txt,LQ,0.0014076223409460117,0.002697575237576953,-0.0004292258165399358,-0.22908910363535165,0.021759071005767405,-0.12454499837838462,-0.2352768995065082,-0.0017143156232489758,-0.0006604511627119101,0.0031577727205341793,0.0031021626975688103,-0.014432234268058087,-0.005994041441026995,0.006257858115459284,-0.003501105032507972,-0.0010004995751104508,0.7935200827062454,-0.21941355236024518,-0.00128339553603319,0.003438988647987305,0.00036698852095604653,0.001205168313030422,0.05165735701681089,-0.017606254117273498,0.005735054083032057,-0.0028359287782193827,-0.00024803906433419013,0.003205587933489843,-0.4338312461563527,0.10032902237683894,0.002770768511253958,0.004015061244029496,0.00023139103126420833,0.0007485885749179864,-0.09705857594042602,0.047908304442919936,0.011626319035941295,-0.6075584776506302,-0.5877223418284299,-0.005018466234129539,0.000379969520115673,-7.903099662904357e-05,-0.00637861653609826,-0.00625336930111157,-0.006653096750593314,0.0011826415106881414,0.004783131056448402,0.3729317815923121,0.30633738195756144,-0.0016528779554362836,0.0002831017246792883,0.0014253034150111812,-0.0014904705107516255,0.05390849544290994,-0.013142079121187249,-0.006090116712951761,0.010031756299936995,-0.0018628768036389183,-0.562137809612671
LQ_Wine11-B02_R11.txt,LQ,-0.006513993368636579,0.0033069683841702017,0.001360194199364539,-0.32801330878903595,-0.010773819721090858,-0.7685857072389242,-0.15825781748073897,1.8799035205362938e-05,-0.00021540922047177095,-0.0005373043643617765,0.0006357612317425994,0.007485393621452606,0.008847611877335713,-0.007683316850720828,0.009047100985122947,-0.009837974293950407,0.10332463769002054,-0.5499915972992446,-0.002107292175394258,0.0008334917891314885,-0.00018569641547920842,0.0013914344839851258,0.04070941819635265,0.018309744063520598,0.0026380529458712738,-0.01218178836159423,0.01739665379453824,0.004826155108903903,-0.9971120649247993,-0.11911723147916686,-0.013254150121985102,0.000592316729126057,0.0020978552387163757,0.0022999719028159544,-0.091097179231689,-0.023790590406737908,-0.04695263867436811,-2.3405381991781136,-0.2019938472927434,-0.004241820416291053,0.00013038263553574145,0.0008741777437704563,0.02676178393386692,0.022362136717495,-0.0028982806178295063,0.0032054684091382653,-0.0022816126521400834,-0.9114582729944232,0.39131326970425273,-0.003357911026716253,0.0003423121728210621,0.002350677095540562,0.0006637150284085485,0.006585351453337521,0.04246133480339608,-0.015018050874874043,0.004060794831373856,-0.0033565209576055825,-1.259618270955923
LQ_Wine11-B03_R01.txt,LQ,0.006399273517667187,0.0006607047031021115,0.003670344980385854,0.2670704185367353,-0.021274295526052298,0.6919040415766222,0.07812517208526604,-0.0002417260607968071,-0.0035428270160993984,-0.0003749090506809052,-0.015299401352689916,0.000129579901425066,-0.00025152075160334714,-0.0007258302815888792,-1.0168828745200573e-05,0.0003549797265713986,0.4975736435374065,-0.06134566971653621,-0.0073184135349228,-0.0012501688230108568,0.0004985638867560083,-0.001786042607858869,-0.012129985713951498,-0.007171654875616967,0.0022642271396762113,-0.004666234389826395,-0.008144948669885495,-0.015293374370013916,-0.01857514208958122,0.09317168270269538,0.004205546998093257,-0.0016879575734591494,0.0020908295622967654,-0.0008353378986645239,0.03610527828126413,-0.0038151853469647334,0.009367320390770116,2.13544261971549,0.4168880867107818,-0.005737966285999906,5.6198372616469993e-05,-8.43765906062868e-05,-0.013649518359716381,0.009818000525795956,0.004234137485352123,0.009538930694746688,-0.001442523831736177,1.1601234548163148,-0.26010822504389086,-0.0017239081359558383,-0.0028479518371574723,-0.0009110415043034033,-0.0006933245304394497,0.00435296888169551,0.016487808387128388,-0.004862465704132371,-0.006050539808657241,-0.006571149015274338,0.3049893012900089
LQ_Wine11-B03_R02.txt,LQ,0.0014450278752226424,0.0023797263684655658,0.00024031766451773824,0.018181556247985453,-0.02500556325544441,0.47273669519527495,-0.07517024056183352,-7.382510057238421e-06,0.0009403471021256828,-0.0008078589083304392,0.019543168642326626,0.012146592357245347,0.004762537068079848,0.005067551968282236,0.0015623330537126333,0.002790442189073511,0.9527356005431002,0.07955024276468525,-0.0005067002896510986,-9.221982188240154e-05,-0.0023917833593086815,-0.0027880839119739952,0.001983136760062322,0.02373586251279413,-0.0033102088462825894,0.0019645068311108776,0.004148696610285736,0.008130294719647314,0.32037451037588127,0.06835097558491898,0.01526580661360644,0.0033147754957448734,0.005714009260813298,-0.0014047603245296737,-0.09070155158038418,-0.023873497296941923,-0.02708180209885226,-0.6927673279789524,-0.7425863004500943,-0.003978077688080596,0.0012273824761891232,0.0006326871882223676,0.02276138381660887,-0.003515099956489612,-0.0018825098652373714,-0.0017348584196040157,-0.008581957672537634,-0.36202880146098426,0.20742761593915726,0.0024009884575966595,0.0009188815171933616,-0.00032609535209028384,-0.00027961916115319674,0.014461456838525207,0.01123018271777806,-0.01816544672711405,0.016798991914058887,0.007901277424520662,-0.5273937203067312
LQ_Wine11-B03_R03.txt,LQ,-0.021221392236175994,-0.002231600642859233,-0.0018154188349777881,0.03267251999715859,-0.010249599597170325,0.4232946859470994,-0.0609229063721024,0.012862985744326852,-0.0005283726969992367,1.404882005239525e-05,0.015724098371126143,0.0015203846896590656,-0.014166554852045769,-0.008372450072658296,-0.0010671967746742452,0.0018439694885874058,0.7294699699835272,-0.029973683847800414,-0.0007451751026739902,7.477008680219446e-05,-0.0019535146334475175,0.0009737945768358863,-0.03623215736709134,-0.014029876189129308,0.010514709421785328,0.0064976210912032345,-0.00040872388720600067,0.00039581511499044153,-0.05076584634285286,0.11840277777381325,-0.019455504709947485,-0.004777036399726755,-0.0014605369126377858,-0.0035225345130169877,-0.10216879877873895,-0.006138437029121688,-0.031453421918872786,0.0769418785290279,-0.5440678553795877,0.009938482612780427,-0.00017279471795091816,0.002643909761302231,-0.016583573466475772,-0.011094683604818986,0.0014372788814114735,0.0017121851945744817,0.0004530942295738929,0.05213158428341558,0.04378439622320385,0.003779740604839315,0.00018819582996853275,-0.000991010366783045,-0.001637023650855547,-0.03970634149561652,-0.00015641627089044673,-0.007137816942539178,-0.009980753731638231,0.004102896497371062,-0.4496400623074619
LQ_Wine11-B03_R04.txt,LQ,-0.007274573159574013,-0.0017648859946278448,0.0002792173214517901,-0.08733853350012888,-0.01799190334629605,0.22377447984152798,-0.12025964390942612,0.008174220961775572,-0.0017001466383744176,0.00042492107951677325,0.02297969060018328,0.0116161839387095,-0.006762616731623695,0.0017557197759976075,-0.0024013184117675076,0.0015175827258267632,0.9597471027873583,0.13975526359720825,0.00016439383644089082,0.0011373817480071727,0.001587322880568448,-6.040946076029286e-05,-0.02879108889964392,-0.015455803384587885,0.0022500034839052687,-0.0002276800651332192,0.0033489969302614173,0.0020507868795178585,0.4781462894234796,0.1615424724195471,0.010598370933621162,0.0002912822567149594,-0.004022292195123882,-0.0003436322403665089,-0.08571561891253061,0.07312475789187164,0.018059194548995742,-1.1811983488983904,-0.6277711358465909,0.002797371914975102,0.0009483324881222972,3.249668634164619e-05,-0.04186629351226116,-0.008554231458058394,-0.0027029537941928704,0.00286626736236059,0.005070869604604749,0.3541344830400588,0.2596716806246968,0.0005577436910748098,-0.0036034211189150036,0.001901848452545902,-0.000579860879434227,-0.056336990408463086,0.007377089077350794,-0.01204718061596205,-0.014761976731817207,0.003024660840759092,-0.3563497582683772
LQ_Wine11-B03_R05.txt,LQ,-0.0018526611109127358,-0.0041475030887986476,-0.0003490575755894676,0.15119633594673998,-0.04738089361990368,0.6450082278433689,0.021263414099871092,0.0056430005736947874,0.00036268506367546677,-0.001461520621408191,0.02791284171250353,0.010496148821529836,-0.01155119189049943,0.0007609175045878627,-0.0030882950085730316,0.002691450285227588,0.796577817832099,0.1435279434925288,0.011621244112291006,-0.002253093369885628,0.0006872261611461828,-0.0004735924892725023,-0.019422799470662333,-0.012541188691656395,-0.001809063382327827,0.005908343525328513,0.00018100032889458708,0.0059576028440879785,0.3645028454165482,0.05596164723345032,0.007860576268484812,0.0004469020597220254,0.0016251746236383962,0.00176351688515871,-0.08853753480733755,0.066441290758117,0.019656468210246768,-0.9274502994725626,-0.6794331067493786,0.007480649567676809,-0.003831764154632777,-0.0008037799503907903,-0.026153367524123616,-0.009870726360002491,0.014876344924166228,-0.002731935402374037,0.0012370080592596457,-0.6998715819357173,0.14605372872300504,-0.0006432445250357504,0.0043366954504957915,-0.0012489615259679288,0.0003481189824129957,-0.008152023208940836,-0.0019864333981499714,0.004936104397999488,-0.008403675170906908,-0.0017294490006316493,-0.5679605074808958
LQ_Wine11-B03_R06.txt,LQ,0.010967552891925473,-0.001682697526014377,0.0010762255219149879,-0.10056230780323294,0.00048360262388870423,0.29378841025937863,-0.1573275280583326,0.004007771318032187,-0.0011394547352048946,-0.0005212432133458822,-0.014424886769419457,-0.0015139577418921933,0.013893780847805674,0.011819466705485707,-0.009758324920889325,0.006476201643491095,1.0532474278147088,0.03097959295159536,0.006452010734362724,0.004118237802015529,0.002210341617746378,-0.0004237908416683581,0.022669696276941168,-0.008077718333968201,0.015894347121023403,-0.001864339626898654,-0.009810080588898297,0.009314475663160906,0.4729143262524138,0.1372290198311774,0.004518797709259678,0.0029139664625923226,0.0003206349300688827,0.001211817594428806,-0.09394453415386801,0.04008098160404791,0.007202340255895518,-0.43345372732009313,-0.6246698046678727,0.0067035486322018865,-0.0024610481902837466,-0.00152392849229626,-0.019919508391951515,0.006730893841546575,-0.014869243030466344,0.01021809477669755,-0.0011572348626787733,-0.3351848571461389,0.16255238875903744,-0.00021813882922785206,0.00314934476014338,-0.001986459087253752,-0.001070454419939121,-0.004767194547292483,-0.002390095564711055,-0.01724232891360292,-0.005639681407984451,-0.021916019262745414,-0.37830211576479034
LQ_Wine11-B03_R07.txt,LQ,0.004162046832079945,0.0031208520439211544,-0.0012768608226230807,-0.15511896212182702,-0.041957515921040536,0.13725920938630054,-0.17347618646259466,0.006396979315822948,-0.0037991245526170945,-0.0007316060082719989,-0.025658958594071454,0.0034470449502270895,-0.004135060434297393,-0.0024496476830743324,-0.018445871395703122,0.004634034019250433,0.6601320123265007,-0.08231062107290454,0.007891430696829387,0.0019854742070686553,-0.0032107627880331568,0.00016451951922017967,0.0025448081654913177,-0.01230151634969953,-0.0023125489859344766,0.008370257919310887,-0.006859742673344892,0.013859907326981953,-0.4863800204949742,-0.05333187075235046,0.0007488312635279596,0.002509186986578327,-0.0002118015473257511,0.0010457864832402381,-0.12342579898410418,0.02366708895657666,0.05950687480847221,-1.3302969404642955,-0.6167744850853367,-0.0007006548170649945,0.0014546537966846252,0.0008643842544936611,-0.028089094666293238,-0.007897445559771612,-0.01273450044864321,0.009911955457746521,0.000712185342785,-0.5512176686792927,0.2146551777095813,0.000454779194263465,-0.00398790676372649,5.573072572263907e-05,0.00036887970345880105,-0.013036963450906313,-0.0036857267018435445,-0.006968643557769828,0.006661405883077964,-0.009988580739050523,-0.8388832854174049
LQ_Wine11-B03_R08.txt,LQ,-0.00324277626386372,0.0027993835452321965,-0.0006760000783095883,-0.1832467980578104,0.01785514238366659,-0.09220742983833308,-0.14297049644096926,-0.0010031624529324508,-0.000821737604578226,0.001449772603797511,-0.002793549551286058,-0.0027930072751550343,-0.008887782021754935,-0.0015663434967231847,-0.0011471948897977475,0.004604842272354109,0.21036679449026607,-0.02596426052603551,0.0014790999080675688,0.0024458219148210613,-0.0015584148033850193,-0.0016119141360641416,0.0041734676568173645,-0.015715438551447622,0.008145437964527977,0.003062361907933594,-0.0045001281364732935,0.0014082902036918253,-0.11776705280648025,0.11700626520166968,-0.007247075096627577,0.0027347005899158575,-0.0023807896330521466,0.0029297391650569215,-0.08987908546511672,0.01973092793275741,-0.016197186227087938,-0.09179517929243897,-0.3506251895606356,-0.0023514646686269266,0.0008110873442305981,-0.0012906536216684913,-0.008814549103838644,-0.012335218696514815,0.01150235630641006,-0.007070262006972342,-0.002434811191256207,0.1676435080632812,-0.0073547883856155405,0.0025850997729128396,-0.004578625879928063,-0.0037899594986018133,0.0007708808144196749,0.00885407981883681,-0.00016749888830088974,0.01156178011713051,-0.003469388298174976,-0.0022405850191803247,-0.3862812895477634
LQ_Wine11-B03_R09.txt,LQ,0.003125807264417226,0.0009229994672644002,-0.0006891392461020021,-0.2118572127463557,0.0009029878631208882,-0.15020261773710697,-0.16875462048164103,0.0024069119403735692,-0.004142667667068818,-0.0019799779068254172,0.024287532856279697,0.006767701796633807,0.021374678519638042,0.02214749205618733,0.009792265050394242,-0.006317793588945171,0.35644097790506635,0.002590621996454101,0.0050937340080889374,-0.002495843347673768,0.0005681343883989116,-0.0019394643758873947,0.022221753272894655,0.012914533384860687,-0.004176994883857241,-0.0012659206475308248,-0.0049241265375665165,0.0032277153851049427,-0.07774299299965604,0.05269060751942689,0.011884919772132664,-0.004262619175405268,0.00038165704406038195,0.0005487008835358314,-0.10115590550739123,-0.04951542021134786,-0.0045974328727409796,-1.4446150065448782,-0.5885269068839722,0.00252259881185072,-0.0007489757660283586,0.00012924643045653084,-0.01005477461841739,0.0070592398823917865,-0.008167112885661961,0.0001464228078600486,-0.003572354350022518,-0.9471243972058829,0.2665121983693701,-0.014566307444405697,0.0035762161046649144,0.0028930574748817443,-0.0010001885069653854,0.050398549161564526,-0.017567434312545684,0.006015574261653692,0.01614296613862742,0.007718585938213613,-1.0138032119551739
LQ_Wine11-B03_R10.txt,LQ,0.0056229898046614695,0.003819688276285433,-0.00017308236414760256,-0.23329139519909994,-0.0034002140703413702,-0.08675161606629267,-0.2540627523148462,0.0002667633198181054,-0.0005249438332125629,0.001295917220883346,0.009068707645725014,-0.009904457449476673,0.00941457365611865,-0.005707525392945431,-0.006780155034771245,0.0013321611843985946,0.9192599820091072,-0.38507776964714124,-0.0028550416104215245,0.0006264970420213366,0.0003948124357955514,-0.0021331967027836264,0.011725371043650432,0.00037758299189677436,-0.0034019718884720196,-0.006311307291383426,0.00556210769230721,-0.0031017081895155386,-0.4057934917263588,0.20899580900726944,-0.0012843460023872627,0.005999552514882123,-0.0012767005609229816,0.00011943158354543718,-0.08788788852910724,0.014449018725836017,-0.0017448705618583818,0.9801304970185152,-0.25329528163041815,-0.0020349762823662007,-0.001735963241899358,-0.0006870532705215914,0.010904296665142883,0.008804225085720423,-0.0006135234906994812,0.0008353862191266619,-0.005825700803774967,1.5863470378603477,0.14479381423330762,-0.0023619640141670116,-0.003768548416964266,-0.0004750268022024382,-0.00013145824601364594,0.022795182141804343,-0.006582239948847689,-0.009413569960802275,0.010698007591058363,-0.0009437208861442807,0.010820715401498315
LQ_Wine11-B03_R11.txt,LQ,-0.003656146439998776,0.0005674512175797006,-0.0011982324409750844,-0.2986152985017779,-0.015611962327471932,-0.3251496737443098,-0.28465227861825504,0.0008346187759629638,0.0012492888804675312,0.000771946062401384,0.0035796054700159598,-0.01626572569807077,-0.006327869880518814,0.0073603629972921,0.0009442693223002379,0.001678317637541539,0.3884455450119173,-0.16712697554819744,-0.006419338513150164,6.890182529587047e-05,0.0021638077190312614,0.0016956464201529535,-0.023182199912587763,-0.010361974207906332,0.014784446400481396,-0.02330940983921545,0.012597419043691523,0.0006165347133515508,-0.5229245890825842,0.06874059283137757,-0.007840139628294315,0.00023863512508152842,-0.0044697966348014005,0.004823067006782123,-0.10565343177476053,0.002603684630083772,0.008485488673004395,-1.9584293787532063,-0.34876759664730983,0.0039043230010308624,0.0010507763701362676,-0.0002688627571674738,-0.0010049858632156933,-0.018302235296814476,-0.011126589029142422,-0.0007384599988350432,0.0075576545533712,-0.8254499229590087,0.22705534742520062,-0.00328836713280214,-0.003458713909418794,-0.0006455404588253007,0.0008788915361351731,0.014501187622096713,-0.021166316765163024,0.0017432322533454296,-0.008200681846538547,-0.010826036580518537,-0.9741709581671696
LQ_Wine11-B03_R12.txt,LQ,-0.00379996821581287,0.00040760629684639607,-0.0023363015864355397,-0.19525325261233412,0.012500204959058167,0.18074427049472064,-0.28098591595960354,0.007164865788145297,0.011192988055078868,0.00038212121382777105,0.04514872952557939,-0.016740351548126253,-0.02584960575344813,-0.008846836813282109,-0.0008289688864973341,0.0014432296729533396,0.8004383195129909,-0.005633131251440715,-0.0047850416516378915,0.0007451842615408117,-3.588166536155455e-05,0.0005598806161930959,0.007073412948844268,0.006958500698177521,0.029804837556170027,0.00929928629856474,0.002110018205221987,-0.0031097705212219245,-0.06964038328313382,0.07438086753749884,0.004733938661466196,-0.006334831548041666,-0.001116164549343145,0.001965792878959816,-0.09289579429658713,0.09077768147601856,0.02828955538433393,-0.6420424201087673,-0.647128069190174,0.006842437406879963,0.006551355123535966,-0.000954109410824055,0.04422481914808801,-0.017021556934206025,0.013600972392426228,0.000955657020215518,0.005600575405976149,0.057941038144024404,0.12735074501348675,-0.0038952433525902825,0.002545248058322145,-0.0005614499732001845,0.0015201606729095937,0.0031780020139577873,0.008357088146350103,-0.03310482596323083,-0.012006955451561477,0.022411499651370185,-0.3643673764873525
LQ_Wine11-B04_R01.txt,LQ,0.004870437450968774,0.00014914358894190216,0.0015589139633521542,0.007233188019425296,-0.019904618736722127,0.5081079124599963,-0.12028809141173902,0.005998063469229245,-0.0009515006082426707,0.0007756895871174856,0.03709277884365072,-0.010377987395476896,0.0056327493786213455,0.0047615659498800745,0.0018016052417577115,0.006378347175644339,0.8447326126872285,-0.037772958718321425,-0.00872212142572209,-0.003385117933107914,0.000340848300435389,-0.0014420716055708383,0.006344732426434321,0.0006027663201538247,0.012124973389234869,-0.009519199207760915,-0.007691023968466127,-0.0012039436877803026,-0.11834880892065325,0.08209425016535388,0.004402975379374205,0.0014614520441939929,0.0033246780034739956,0.0005184266202385115,-0.07899850602660785,0.01674091843826974,-2.4150603439498583e-05,0.9287560739232577,-0.35111189541961085,0.003403622552597564,-0.0014833611789482092,-0.0012539066914650386,0.01254997201855064,0.01180943886193895,-0.007397770191127077,-0.005477707820472944,-0.0012905222289427342,0.7279492601200319,0.02025783696146566,-0.002309354947646821,-0.00353281384304328,-0.00017511143557076184,0.000644127925537063,0.017550817748057918,-0.01825952389413948,-0.004528912637062674,0.00882784471067933,-0.00014244868146106736,-0.17095788168579373
LQ_Wine11-B04_R02.txt,LQ,0.005528103323074123,-0.0009873594478738085,0.0021771162495054334,0.04792517435482546,0.0023460612082665533,0.5610566035454321,-0.07613099904373755,0.00477274037875238,-4.1501773579304666e-05,0.0007614299200077759,0.02037426538165153,0.011481375848521486,0.008143449433613491,0.01302682653849544,0.00030847553066019537,0.0031639216006915417,0.9530253949372121,0.145698949594533,0.01719593713835776,-0.0019289824870589443,3.827385534051664e-05,0.002063822213243342,0.03631298926866484,0.008572075274261824,0.0034792864484100893,0.00986948801873956,-0.003400316526669457,0.01227740350244515,0.2929103482471169,0.01955347756057879,0.0018801970089873223,0.0005382544543932254,0.001026274249598539,0.001348661460695956,-0.09330649852681211,0.054190848754197225,-0.0006154107051038506,-0.39407781186961355,-0.7652491628976481,0.0035796924535823095,-0.0005716864862289846,-0.00014821529706479723,0.007658710991426156,-0.009179844646198842,0.0024968931125698406,0.0016030246344069811,1.695508206813346e-05,-0.46555140497336733,0.19563847424675163,-0.003313407568596025,-0.0013715669369429573,0.001383971847491446,0.0011282848832828598,0.055581621208660476,-0.0028125568859685398,-0.004019107904895147,0.004547084459267447,-0.00046675287847976654,-0.6363867401014933
LQ_Wine11-B04_R03.txt,LQ,-0.012285243040512027,-0.007249782727973029,0.0008326634966030811,0.1331904891013257,-0.04103960687459719,0.6004052080588842,0.00720647610011671,0.008631935587342298,0.0008376376464696642,-0.002601409478464587,0.03330333437812126,-0.000450813476421872,-0.021019941044398135,0.007141301850032212,0.0028533518088211815,-0.008508058631909676,1.0257666153304816,0.05227754377165916,-0.0062368589085205215,0.000999662479314756,0.0001971490971369875,0.0010289924300139548,-0.06206153864210207,-0.005162495083858281,0.00697922736981124,0.01630335993670702,-0.007240256842154871,-0.002667528402242737,0.23429787742379782,0.13566108436959445,-0.019759484097177947,0.002769739000550546,-0.000935813479391525,-0.0027096332342177324,-0.09658507707246544,0.01541557404881748,-0.014639318092730207,-0.29750720405190734,-0.6146404848170812,0.01529907198491903,-0.001324978851994222,0.0032333135841541784,0.02005426709117807,-0.009985607330128056,0.0027807506204794216,-0.009418973738383518,0.0006540127593264063,0.45608629606700646,0.25869851988880876,0.0037342193281245987,-0.0020971343356758787,-0.0009470927464278852,-0.0012332933899217855,-0.026018782383843503,-0.004168529448724559,-0.008915244584855014,-0.0003833575090602904,-0.0023607696220597565,-0.28476977966262673
LQ_Wine11-B04_R04.txt,LQ,0.01778455523841413,-0.004790559707276557,-0.0023726860920115014,0.12399371480860955,0.22425304828092407,0.848720442202497,-0.10477187827883938,0.0007157053500628491,-0.0028027333838596953,0.00024397957826366798,-0.009117970593763458,0.007700962048925114,0.001956691176791942,0.0012961453976860129,0.00044903763191490344,0.002100816680398224,0.9892381913693988,0.020409859536927866,0.0017528524151263821,0.0014560950796923475,0.000170293230731706,-0.0011963202259199983,0.014303074049354098,0.007386812216714516,0.01310853482425955,0.002428411541401434,0.010238456723043212,0.0002866629524091908,0.5668166672589932,0.12671143793226047,0.012396968618064146,-1.6140357964361703e-05,-0.004443339152762066,-0.0012472590783047786,0.004020354537359633,0.25324370368079296,-0.06417729790884744,0.7735755233754027,-0.7111166421932023,0.0008591581556442349,-0.0010761199449925757,-0.001266270220175959,0.008849242384597292,-0.005766234032834048,0.002090289939293574,0.0021747716606895636,0.004148543756477207,0.4385025093385204,0.07193903169843763,-0.0035173875432292253,-0.0027758562625800724,-0.0007755530431732125,-0.0022234711602259903,0.029650590384910108,0.0065410235178946,0.0004906998929209896,0.001180265759326812,0.0016933566444796056,0.18904929002802628
LQ_Wine11-B04_R05.txt,LQ,0.006882255679996081,-0.0015587998159771307,0.0014401554768300965,0.06803522960631281,-0.05713403947565614,0.6949003784672128,-0.07221181902289775,0.005326516126395453,-0.0020046352145230953,-0.00016133971280850914,0.04350157701931067,0.023516653246797914,0.0030330820575856197,0.008965841015568127,-0.008579742572219176,-0.000641737248678941,1.4661438987790856,0.2609497079194518,0.006860842826980286,0.0007416314677781249,-0.0010578156836794893,0.0014511724923225748,-0.012098890777595628,-9.305431443052889e-05,0.016549899808566984,-0.0004841560983687779,0.010757348685668093,0.004927286771444663,0.8090938063354027,0.1014057522552374,0.005540657514787448,0.0014462329294054137,0.003355561964499143,-0.00043015606699592336,-0.10236096569364145,0.008286118662614042,0.04412941456776151,-0.3265204719419339,-0.7434092025352879,0.0029943315808548233,0.0017473229909270084,0.002040458858431974,0.04649867270343587,-0.0006246476778219451,-0.008348494904657808,0.0028531460462055108,0.0033096391213814323,0.26960600198133466,0.16887148431012333,0.006092012270554567,-0.00205127652866843,-0.000604180604122506,-0.0002599179350424579,0.041345206963971017,-0.009817689481588777,-0.010680188495990062,0.012646907910369017,-0.0039540712715484495,-0.07684900007156781
LQ_Wine11-B04_R06.txt,LQ,0.013145083203560674,0.0012263024543776636,0.0010973646432915134,-0.2650813546752749,0.011604102005275618,-0.11391691095681722,-0.2799260836354094,0.01298462540881256,-0.0028635845213579605,0.0005911079151960054,0.022029290374760993,0.0029622561884875536,0.0012179466945398572,0.0009237227482232976,-0.00910541427518402,0.003988209673569018,0.4886772471338636,-0.04684920040102458,0.0113792528998345,-0.0014727533603225804,0.0017038465481608418,-0.0021243336340305546,0.0002476100941762663,-0.0038746599612099596,0.011482317202193235,-0.010586691722991568,-0.009877906452664585,-0.0006712238101412488,-0.2115399606526256,0.059957139211833876,0.015747685579357792,-0.00562185777568313,0.0069524461078194835,-0.0028480532715151065,-0.09947406467167341,0.0021680941529348824,-0.016167856373118454,-0.6995915359419262,-0.46906218894303287,0.0026868371066314156,-0.004548995422737056,0.002308731807059167,-0.045281487763301806,-0.006836645172572481,-0.007236475031934312,0.007786410374934647,-0.011073859140443464,-0.571346866233152,-0.04547115139974056,-0.014942391304539511,-0.0007558722127739987,0.00037483331950666937,-0.000853907917215349,0.03312945391187541,-0.015559762370032815,-0.000586187025248236,-0.009175270938306975,-0.0043081023076412565,-0.6173991928438647
LQ_Wine11-B04_R07.txt,LQ,-0.0013614599632171022,0.0054549741002965085,-0.00035684110945485874,-0.33906519059717244,0.025385972888616104,-0.4594321141473232,-0.4089183582386644,2.7130327409685402e-05,0.00041671642313025373,6.364975814782665e-05,0.012673129876408395,-0.004797031395661233,0.002086002467461285,0.016386366909012275,0.0032825874811793546,-0.006209748894356853,0.6536281590234916,0.020952477196783614,0.009553912415817298,-0.002105411868855646,-0.0017902150541657085,0.00035851520141764423,0.04465844333250264,-0.02048656864999658,0.020929511130704147,-0.00023519557728768088,-0.008546743527915467,-0.002171368147902299,-0.3778523920695904,-0.1093548008135461,0.00586390353216127,-0.006790625343917537,-0.0012263992579550024,-0.002318273937348107,-0.08787994299056472,0.07156349114661197,-0.009024348331059888,-1.8454680957088332,-0.529131412051683,-0.004918797701495674,0.0018336541893741905,0.0001729226045109644,-0.0060967031066344254,0.004107344159251557,-0.008772289819804923,-0.010566374479489798,-0.0008943311294159751,-1.0030774985620732,0.17230601841461124,0.002966215227133694,0.004396799126962032,-0.0003830996150064414,-0.000926486099316753,0.054837707516586606,-0.01660203978161303,0.006337228274691032,0.006133322082832387,0.005368467464610732,-0.8903450603470038
LQ_Wine11-B04_R08.txt,LQ,0.010365258445871217,-0.003960339121167782,-0.0008116495701081384,-0.30170799103041,-0.1033415130635832,-0.12226211128761211,-0.3169017364722313,-0.0007721774309405599,2.3071523574343762e-05,-0.0009377553015647656,-0.014967568124696018,0.00040704283998456957,-0.006259320529512825,0.006041227131962102,-0.003292343666301643,0.0017177384838331705,0.9970676481148342,-0.047505491282620826,-0.004969274406635457,2.2924918973867177e-05,0.0001640702606080307,0.001918110027817391,-0.02270863561073947,0.010271309433751267,0.007953940462807568,-0.003140081444375943,0.002827887773198415,0.005748530599257153,0.48727444406058584,0.2131553151881207,-0.0038680317669024496,-0.007238861503219106,0.0016964224733253294,0.0019435699527586576,-0.10112040797200963,-0.038294203025698734,4.439135023420575e-05,-0.6166558475779977,-0.5593787701474255,-0.0036016150901517665,-0.002378590609973139,-0.0023055561196486532,-0.024129432328296938,-0.00918266347599815,0.004030538200693848,-0.010608682357544991,-0.00663751790619526,0.3805272657691203,0.21286892839407057,0.00487861548490064,0.0010883885564148383,-0.0005713162481412814,6.538355700334581e-06,-0.01835367757055447,-0.010329867618566597,0.005422092358160176,0.0006598546809287961,0.0018354676101277577,-0.1354908631136964
LQ_Wine11-B04_R09.txt,LQ,0.009223709060510501,0.004509230111866174,0.003695514754712634,-0.1142019157796379,-0.054527243091331015,0.2567711182174923,-0.12627278754672755,0.004414508443376892,0.0005740217169552586,0.0012173603233861245,-0.00381586691492556,-0.0005837094534833481,-0.01328288717201907,0.01243216331059741,-0.006647935081771865,0.006170895245508458,0.8964230606553842,0.06394797905614247,0.0004457780775630732,0.00539740633350524,-0.0037217224412116347,0.0009275224845888985,0.03307190340059088,-0.00020292095997186555,0.0014622859655309744,0.004911262457707332,0.0008096744516767468,0.0063470503401011095,0.5728660725139445,0.1164969492562069,0.009547800915314493,0.0009826159789002769,0.0026809429851361154,-0.00025343622980545695,-0.10384967122609903,0.024132156670408016,-0.002471199856341892,-0.7687623556639496,-0.7256335237221663,-0.0013462612752617384,-0.003069257597450341,0.0006989398153190657,-0.040173370775154135,-0.013618349666397822,-0.0032866608462521086,0.00855199709217368,0.004291535393620535,-0.23201736658610894,0.347606076133651,0.0009033349900731809,-0.0006096521935767096,0.0014629074209330532,0.0009040233569666907,0.013156749320189077,-0.016477915695643424,-0.002935442754156914,0.0112110541986814,-0.01349774215429823,-0.5678295086505885
LQ_Wine11-B04_R10.txt,LQ,0.0027652136568176227,0.00320905894604909,0.00013088673366839208,-0.2888236420643462,0.02399749816000145,-0.39108570220566286,-0.2581459354857838,-0.004302725278712733,-0.0007218606117426188,0.0014518759108558483,0.0007675636605373806,0.008095748227435454,-0.008421834747070152,0.005278634606342309,0.00011059410658781788,0.007307634633151965,0.5340389617311798,-0.12545027581430923,0.005813241314623225,-0.001292524131353487,0.0007159691929152332,-0.0027304418630282666,-0.016921719295689003,0.011342663167503807,0.015230003727134305,-0.012085022660058998,0.009280122427272695,0.00879318002816029,-0.6135300917277084,-0.013553667008379788,0.016318507089028052,0.005935410013131345,0.0017605838633571206,-4.1992139025950854e-05,-0.07938252339150764,0.043708567442308506,0.022861669795464886,-1.7880928602942392,-0.44055484489530805,0.008863163391753078,-0.004096327040613942,-0.001621587304663852,0.0010268452883019918,-0.009390450489593768,-0.00027017216959251706,-0.001870286642177583,0.0009008649031549904,-0.6521131083718101,0.3146203031064083,-0.0068461140872876376,-0.0008600347851368657,0.000970267791980446,0.00048631908581647033,0.03341713709853045,-0.01450693363009839,-0.0002924282852404458,0.011376389730801698,-0.002644387372601351,-1.0462698364590297
LQ_Wine11-B04_R11.txt,LQ,-0.006569632254074221,0.0003733048236621704,-0.0008402051324325466,-0.10867823191078241,-0.045571799272646,0.2036449583738662,-0.12420196472826461,0.0023446490066994135,-0.004787990381764034,0.0017253708180373886,-0.015376495628771948,0.007172471242914648,-0.0021659342587061065,0.0019492783502954442,-0.00355131620002008,0.0016050284232325017,0.8102000482851048,-0.047249335417127836,0.0036243859179645363,-0.00019721357159724773,-0.0015120767521568346,-0.0013764451872421489,-0.038676579709139285,-0.0008479983491975146,0.014347584607786621,-0.0071848313743672785,0.007321058806783369,0.0051531296542847585,-0.015129613379559537,0.12462141131460958,-0.009323639957122539,0.0029039586381409545,0.0073795164036346474,0.0002701217854505118,-0.09403606833938812,0.05088802224003555,-0.009261208299259424,-1.5592195138158642,-0.5876290054214515,-0.002537752452832363,-0.002445934521363519,0.001033404455147153,-0.02089584757484829,0.0066814366675115,-0.005297078026847022,0.006792301865474294,-0.0002550045100521022,-0.7386910796681345,0.4008331699894023,0.001203569193357866,-0.0010100393049256998,-0.002622495079902471,-0.0010871627787663663,-0.014169693375751876,-0.007105021155854755,-0.00851198685743134,-0.0010947880380874028,0.000875223333390626,-0.9514926795580629
LQ_Wine12-B01_R01.txt,LQ,0.002613596977514727,0.0014788444817652128,0.00122101394582147,0.2146038328065636,-0.07382749468872403,0.9183509841735722,-0.01855906119956341,0.002008241244678851,0.0030062774592497553,-0.001191377303473136,0.029513704574303322,0.003786206681872824,-0.008195999765336425,0.008647345291577067,-0.0006288704796535869,0.0036157614460249005,1.803984965269458,0.13546323173132785,0.0034463371044272497,-0.0003072916998746915,0.00011754293798855707,0.0015258115833394902,0.014309145821645443,0.012269957889770254,0.010472409062581029,-0.008463004512148188,0.0003959697746676338,0.004087752475146558,0.780978759818094,0.2716503816766689,0.005988677758329886,-2.7231688529211413e-05,0.0012946692775121374,-0.002975688776834767,-0.08642478696597226,0.025275897514974208,-0.012736655409408729,1.1720313828519844,-0.4075424110021375,0.006818837400858439,-0.0038682507198869766,-0.0010604316187485462,0.022972424250052973,-0.0040344949175667045,-0.0009952410159582128,0.00047127235608109626,-6.560088259185623e-06,1.5598085084689899,0.05826134337751476,0.000666092714017112,0.0005081059666247577,0.0005649600927446787,-0.0022081061655520287,-0.008293623496972474,0.0030059912678227513,-0.006163311926775079,0.003979825499141864,-0.003305144686131237,0.43392705083466243
LQ_Wine12-B01_R02.txt,LQ,-0.00969782247377583,0.0030291545270189728,-0.004652628672780208,0.0519175292864853,-0.015746212477569507,0.6349561377210282,-0.10938919314138307,0.010886044139505661,0.004661565282238108,0.0005661288225559373,0.09269569483410894,0.007374901873016445,-0.004857537916812735,0.002725738202817211,-0.002008077019539857,-0.0029350845050600195,1.2147846600967913,0.11839823296542434,-0.000891484378949957,-0.0013515976720860157,7.435171202913407e-05,-0.0005736213020557339,0.014026613828232934,0.003768761273210085,0.005348956082041554,-0.0022231928783722167,-0.008409441166371113,0.0010314651154823076,0.17998669485290897,0.015094263137390707,-0.00887895383524702,-0.000563759811690645,-0.0059729751490893625,-0.0007226070450745217,-0.10443201348200322,0.014111768096925832,-0.008931261296029325,-5.894307117386008,3.5024800240879004,0.01762877351549544,0.006547774206309315,0.0005970254930537375,0.07912535967066482,-0.022709660898581292,0.01653357604900243,0.0030093824843700576,0.0009364162054171954,-1.0323659831115446,0.6000160548729425,0.002921725352235568,-0.0021659926437014904,0.00026522534454541245,0.00022714131736601393,0.020302215165644275,-0.0044083859485177955,-0.011570945874748797,-0.0011674941934465611,0.0031948172890153247,-0.8754993096114221
LQ_Wine12-B01_R03.txt,LQ,-0.007261897280077293,0.002057329736841158,-0.0016806869343038607,0.1351077265839814,-0.04943890780219597,0.6976968497436431,-0.03194165663835058,0.006380846929023927,-0.0015996060190599805,0.00021689665435096155,0.038439124003001854,0.008334529557793792,-0.010631720603169675,0.012056015739844371,0.0007946322081735764,0.0033324984464380876,1.4177161467403776,0.13445475697522857,0.0036381801580286006,0.002385472974749336,-0.0011052432709482095,0.0008482776156697832,-0.0014013292901711785,-0.003387516883256274,0.0032432081791182055,0.00997627858823727,-0.0026046692942227963,0.0003526176554240414,0.6676748336571503,0.17396342132680798,-0.010633344708500279,0.0033720997872142026,-0.00012654267521903606,-0.0007655583535750835,-0.11723087371158283,-0.08294353727193034,0.00945851014800745,-0.18548493011926404,-0.6843375707807287,0.004840429670278013,0.0014086022036220106,0.00024836932953847883,0.047520175338985206,-0.014542359578193985,-0.0010332190231676992,-0.0007656658908909888,0.00230101208610044,0.7931626054158247,0.11146837343181648,-0.0014384867916221204,-0.0014530968690327504,-0.0007687185235377526,0.0003224668930196381,-0.007273487347971008,-0.0058732310258055856,-0.003398584121443198,-0.0034592897138035765,0.003926090102611546,0.12707278413384904
LQ_Wine12-B01_R04.txt,LQ,0.0012460214395880829,-0.003078698485960262,-0.0026302497136878504,0.0814465122505943,-0.06593934780289544,0.6824088516094777,-0.07233586357194177,0.012436781508752544,-0.0020230012319358485,-0.0022845041249693553,0.02757806185925052,0.014383107103277585,-0.00523142646397105,0.010501565118674191,-0.011755140265993908,-0.009734234305629533,1.4012592728197752,0.1849020516671654,0.005297437259671591,0.0020089685300851774,0.0007318224876168636,-0.0016634505557527103,-0.014449323401958168,-0.007245009856711849,0.014951607326919988,0.008416455232860956,0.007506281746945327,0.00758907932955503,0.819700889024487,0.1071196387193103,0.010172646249575895,-0.003475555723979304,-0.0023141815593880934,0.00029038883620613964,-0.09735270763121584,0.007147242710391896,0.01852368047849278,-1.0033981264146012,-0.8992632539997008,0.008248623434083861,-0.004699262228011943,0.0019535510738570945,-0.005364992054894886,-0.014174917950941874,-0.014468781011839576,0.0073928523568773915,0.010111478088637264,-0.5469722378197819,0.44056885470713136,-0.00024620839691022337,-0.0018597396255808688,-0.000947947716840409,0.00017034778443349087,-0.009343267202411071,-0.013911377345880164,-0.013137690021642529,0.0005057009679038989,0.0034168442722171586,-0.5571656866247876
LQ_Wine12-B01_R05.txt,LQ,0.00548187254391934,-0.00046692899484312105,-0.00018593507654121418,-0.24210526873423724,-0.018060309548842912,-0.12329353603247561,-0.23507170859807403,-0.004667281407501816,0.00025986962581284895,-0.001489352869573639,-0.011445469922460462,-0.004226245920063475,-0.004424579221808975,0.0068250094103600705,-0.007190475568098952,0.002505276288513856,0.15032780555558123,-0.19431076630644228,-0.00804896033436898,-0.0019373117336816948,0.001803045512218308,-0.0019708409721878196,0.03185472257661876,0.0029057217890195936,-0.0011511347883353053,-0.0003205220460553975,-0.003689426553996023,-0.006264842371800666,-0.7265980267148886,-0.07087411080607353,-0.008604883187494534,-0.006147435540911008,0.004551617124706485,-0.0010173269881575146,-0.09183279552115298,0.020791780920568673,0.007364063471363005,-0.8228351161299408,-0.6027170399289856,0.004410992893599273,0.0003592442481521976,0.0012714286427513036,-0.0432602092270353,-0.01771678177155169,0.0037567417137824317,0.0033184633047302096,0.0030465313268495603,-0.46015853493778014,0.2050202687573286,0.0015365683089353464,0.001001149861893582,-0.000552642392599028,-0.0004936995569944857,0.03500339166861075,-0.01775494176683011,0.004900945406530786,0.003864375324364839,0.0035066501535131107,-0.9089129788877499
LQ_Wine12-B01_R06.txt,LQ,0.004957971640999592,-0.001455155900963943,0.0019487964524872745,0.08719668829277266,-0.02330565738151845,0.537486950057362,-0.021404525651823825,-0.0005159229427240577,-7.024871863451309e-05,0.0005017866280798955,-0.008484858020239565,0.012484447984674055,-0.0016248465687474754,0.009249379281105105,-0.00062224196460704,-0.013947366910153799,0.8527654842529948,-0.01314376312790455,0.0006836376251697964,-0.00035247761060404814,-0.00403712040148537,0.001839400161075522,0.0014469689711541708,0.00044316778436283896,-0.0037559773706771866,-0.005316560819710296,0.004853139195518523,-0.001261642378389395,-0.05268876968499825,0.0217667284279921,0.016873614091492194,0.0020919671414863163,0.00047837867055000865,0.0008975884140108056,-0.08778717316282737,0.03541284054306807,0.004856446556188634,-0.33502898512361856,-0.7580502724306157,0.0021391847193000667,0.0008166407147854563,0.0004676715721779186,-0.01694756485868875,0.000344650409196073,0.006171188893634992,-0.0015436744293813353,-0.0007503888009462217,0.07504496143092876,0.4067651176803746,-0.01266260021326425,-0.002756098649501137,0.00024466478722773505,0.0005919067968574848,-0.013478899830215644,-0.004234432209709244,0.012856684452102824,0.003803324859453164,-0.0002185138921073583,-0.6357883389876737
LQ_Wine12-B01_R07.txt,LQ,0.0018756506979780109,0.0020331284119518133,-0.0015131572139705216,-0.13028657869389249,-0.015057041011029296,0.18956576969350802,-0.19154181095277245,0.0011256604888897643,-0.002634011470685654,-0.0018394671873503033,0.038001296703216635,-0.004125191289787713,0.00970048903928173,0.009533505578386147,0.009109798616259712,0.0007738314768767698,1.03157558151882,-0.14516133524708852,-0.008181508272587573,-0.004556910775632454,-0.0008310481933791879,-2.698854965648746e-05,-0.028072216556558817,-0.0001885379878750629,0.009504882409945526,-0.015237748869567158,-0.009625198282203156,-0.004185823536054661,-0.20933447571260944,0.14349218220447546,0.00613624510647316,-0.0036328643801493148,0.0008829326377551923,-0.002375120095963494,-0.09794325681492735,0.03829129319680884,0.008537532740793337,-0.01527384741491744,-0.639170247203551,-0.0023786952651468404,0.0014798584037895596,1.339551186093507e-06,0.03198401011168053,-0.009501000658978296,-0.004327640911168022,-0.0033438119254329494,-0.0041226164046611665,0.7676196886762154,0.2925511165127739,-0.006509457155143169,-0.00153693628853479,0.0003893273433880064,-0.001710479100148329,0.028450173352442806,-0.002266640778874629,-0.023368345347546463,-0.004642988592472088,0.0019410823523780848,-0.4049083608842645
LQ_Wine12-B01_R08.txt,LQ,-0.0017873620207641688,0.0016927099535663144,0.0028291518885243897,0.05235632020217401,-0.04052937439024,0.5082895690259299,-0.04699180138295933,0.004734049690158636,-0.002713176285017699,-0.0005659051618813356,0.011255777375847126,0.020067713337606832,-0.004112461200115835,0.008379068103596453,-0.004717082925556156,-0.004338788234976271,1.4864212468937872,0.012903009542941768,0.0024645455980420146,-0.004988905626650745,0.001175606419779864,0.00036519202478265333,-0.028238965960578524,0.014311695712243725,0.023039572425590668,0.007587734884775923,0.005460621399445198,-0.012740536591349483,0.20924353686080055,0.14805361999013988,-0.005175693995467399,0.004875427498759546,-0.0004091649454806671,0.0011415356985177956,-0.11545651307389665,-0.01656146217863383,0.01856421544144253,-0.35939153986762395,-0.7880967583985763,-0.00247338257297496,-0.0005840338388643383,-0.00045762779285549236,-0.037909195998739265,-0.007849013523248944,-0.006664424670531091,-0.005928878392738156,0.005426026575732801,0.6508960183232588,0.5048854169045984,-0.004959926511306792,-0.0016536035791659732,-0.0012821093438979512,0.0014908973571906821,0.011787656940785532,-0.012242621560057475,0.0072606008398061975,0.0003844145354172466,-0.00028394418522028546,-0.3395211780605054
LQ_Wine12-B01_R09.txt,LQ,0.005141736606256375,-0.003456959475932977,0.0007283807220930427,0.04150862164475411,-0.03809453008812093,0.5759912747187288,-0.08209108719783753,0.004296167022868246,-0.0010230056520333466,-0.0012481122260658167,0.020530491597729822,0.015409350983335174,-0.0031929032105120388,0.010187364654119737,-0.004735543489690317,0.003170787024536008,1.6015854995006542,0.1552009642540041,-0.003586502616699459,0.001229232234734571,-0.00047695388562722234,-0.0009356523435179431,0.022178271447737645,-0.00329682096825557,-0.018957917284299224,-0.007755932469493727,-0.006461834514299809,0.006470606385420638,0.46014319783875735,0.11221993519702012,0.011412824066278877,-8.387688458103075e-05,0.005165928149085631,0.002019000481672193,-0.08251435072112065,0.07304518116864066,0.029052208968618907,-0.4081217845319305,-0.8065689643631329,-0.0015548357862644846,-0.0021188906241269446,-0.0015596651279072924,-0.00852898680582008,-0.013030270173417206,0.000844480546432963,0.0030745878002013177,0.003386143131726177,0.5910833039262737,0.4809880688107848,0.0011128437355007212,-0.0011646993819896165,-0.00026727910730270946,0.000569559857754369,0.03241651867724848,-0.019138366306508538,-0.004732787831172549,0.00039997300610329243,-0.0069566978795966485,-0.32040388040983725
LQ_Wine12-B01_R10.txt,LQ,-0.0006670717586857921,0.001459728548153025,-0.0004970885207131202,0.041507182645242224,-0.04167293374995114,0.5023792716484117,-0.04988871684735763,-0.004668663404702608,0.0020589855775764096,0.0012282160466230508,0.0064820094930011125,0.01168875767845805,-0.002101880507435056,0.005821269411289649,-0.0005778166328569223,-0.0008755350142587159,1.1824182307741724,0.07417566092172578,-0.0028929361194172326,0.003159727332299489,-0.0009442226052503147,-0.0008976925831762013,-0.039038337176296685,0.014542823423877606,0.01502148428047337,0.0035832668786578686,0.0021994360136902515,0.0028431592453008114,0.07280182511758504,0.09366905574498752,-0.0032888176009634278,0.0022682974174240145,0.004446812098015512,0.0034667051683658742,-0.10490067793093663,0.02200208433983808,0.013063013117191578,-0.40866810163911893,-0.7247979282706964,-0.001887163984873172,-0.004163918500862306,-0.001306620722845712,-0.022915173948394887,-0.002123353760202706,-0.001927170345644393,0.0008675480786742955,0.0007699038542909524,0.3211609635093957,0.3687765475063085,0.0017906660716086066,-0.002875264777627481,-7.13662497044498e-05,0.0019070131520898482,-0.02532883131627684,-0.008023578298464538,-0.008074740651370056,0.005060585887591255,0.0035508398867835182,-0.5648267087837895
